<?xml version="1.0" encoding="UTF-8"?><rss version="2.0"
	xmlns:content="http://purl.org/rss/1.0/modules/content/"
	xmlns:dc="http://purl.org/dc/elements/1.1/"
	xmlns:atom="http://www.w3.org/2005/Atom"
	xmlns:sy="http://purl.org/rss/1.0/modules/syndication/"
	
	xmlns:georss="http://www.georss.org/georss"
	xmlns:geo="http://www.w3.org/2003/01/geo/wgs84_pos#"
	
	>
<channel>
	<title>
	Comments on: CARD MẠNG KHÔNG DÂY USB TP-LINK ARCHER TX20U PLUS AX1800	</title>
	<atom:link href="/product/card-mang-khong-day-usb-tp-link-archer-tx20u-plus-ax1800/feed/" rel="self" type="application/rss+xml" />
	<link>/product/card-mang-khong-day-usb-tp-link-archer-tx20u-plus-ax1800/</link>
	<description></description>
	<lastBuildDate>Fri, 08 Sep 2023 10:52:53 +0000</lastBuildDate>
	<sy:updatePeriod>
	hourly	</sy:updatePeriod>
	<sy:updateFrequency>
	1	</sy:updateFrequency>
	<generator>https://wordpress.org/?v=6.3.1</generator>
</channel>
</rss>
