<?xml version="1.0" encoding="UTF-8"?><rss version="2.0"
	xmlns:content="http://purl.org/rss/1.0/modules/content/"
	xmlns:dc="http://purl.org/dc/elements/1.1/"
	xmlns:atom="http://www.w3.org/2005/Atom"
	xmlns:sy="http://purl.org/rss/1.0/modules/syndication/"
	
	xmlns:georss="http://www.georss.org/georss"
	xmlns:geo="http://www.w3.org/2003/01/geo/wgs84_pos#"
	
	>
<channel>
	<title>
	Comments on: MÁY CHƠI GAME NINTENDO SWITCH OLED RED AND BLUE (MÀU XANH ĐỎ)	</title>
	<atom:link href="/product/may-choi-game-nintendo-switch-oled-red-and-blue-mau-xanh-do/feed/" rel="self" type="application/rss+xml" />
	<link>/product/may-choi-game-nintendo-switch-oled-red-and-blue-mau-xanh-do/</link>
	<description></description>
	<lastBuildDate>Sat, 09 Sep 2023 08:59:01 +0000</lastBuildDate>
	<sy:updatePeriod>
	hourly	</sy:updatePeriod>
	<sy:updateFrequency>
	1	</sy:updateFrequency>
	<generator>https://wordpress.org/?v=6.3.1</generator>
</channel>
</rss>
