<?xml version="1.0" encoding="UTF-8"?><rss version="2.0"
	xmlns:content="http://purl.org/rss/1.0/modules/content/"
	xmlns:dc="http://purl.org/dc/elements/1.1/"
	xmlns:atom="http://www.w3.org/2005/Atom"
	xmlns:sy="http://purl.org/rss/1.0/modules/syndication/"
	
	xmlns:georss="http://www.georss.org/georss"
	xmlns:geo="http://www.w3.org/2003/01/geo/wgs84_pos#"
	
	>
<channel>
	<title>
	Comments on: LAPTOP LG GRAM 16ZD90R-G.AX55A5 (I5-1340P/16GB RAM/512GB SSD/16.0 INCH WQXGA/DOS/ĐEN)	</title>
	<atom:link href="/product/laptop-lg-gram-16zd90r-g-ax55a5-i5-1340p-16gb-ram-512gb-ssd-16-0-inch-wqxga-dos-den/feed/" rel="self" type="application/rss+xml" />
	<link>/product/laptop-lg-gram-16zd90r-g-ax55a5-i5-1340p-16gb-ram-512gb-ssd-16-0-inch-wqxga-dos-den/</link>
	<description></description>
	<lastBuildDate>Sat, 09 Sep 2023 10:42:44 +0000</lastBuildDate>
	<sy:updatePeriod>
	hourly	</sy:updatePeriod>
	<sy:updateFrequency>
	1	</sy:updateFrequency>
	<generator>https://wordpress.org/?v=6.3.1</generator>
</channel>
</rss>
