<?xml version="1.0" encoding="UTF-8"?><rss version="2.0"
	xmlns:content="http://purl.org/rss/1.0/modules/content/"
	xmlns:dc="http://purl.org/dc/elements/1.1/"
	xmlns:atom="http://www.w3.org/2005/Atom"
	xmlns:sy="http://purl.org/rss/1.0/modules/syndication/"
	
	xmlns:georss="http://www.georss.org/georss"
	xmlns:geo="http://www.w3.org/2003/01/geo/wgs84_pos#"
	
	>
<channel>
	<title>
	Comments on: Ổ CỨNG HDD WD 4TB RED PLUS 3.5 INCH, 5400RPM, SATA, 256MB CACHE (WD40EFPX)	</title>
	<atom:link href="/product/o-cung-hdd-wd-4tb-red-plus-3-5-inch-5400rpm-sata-256mb-cache-wd40efpx/feed/" rel="self" type="application/rss+xml" />
	<link>/product/o-cung-hdd-wd-4tb-red-plus-3-5-inch-5400rpm-sata-256mb-cache-wd40efpx/</link>
	<description></description>
	<lastBuildDate>Fri, 08 Sep 2023 11:14:24 +0000</lastBuildDate>
	<sy:updatePeriod>
	hourly	</sy:updatePeriod>
	<sy:updateFrequency>
	1	</sy:updateFrequency>
	<generator>https://wordpress.org/?v=6.3.1</generator>
</channel>
</rss>
