<?xml version="1.0" encoding="UTF-8"?><rss version="2.0"
	xmlns:content="http://purl.org/rss/1.0/modules/content/"
	xmlns:dc="http://purl.org/dc/elements/1.1/"
	xmlns:atom="http://www.w3.org/2005/Atom"
	xmlns:sy="http://purl.org/rss/1.0/modules/syndication/"
	
	xmlns:georss="http://www.georss.org/georss"
	xmlns:geo="http://www.w3.org/2003/01/geo/wgs84_pos#"
	
	>
<channel>
	<title>
	Comments on: RAM LAPTOP CORSAIR (CMSX8GX4M1A2400C16) 8GB (1X8GB) DDR4 2400MHZ	</title>
	<atom:link href="/product/ram-laptop-corsair-cmsx8gx4m1a2400c16-8gb-1x8gb-ddr4-2400mhz/feed/" rel="self" type="application/rss+xml" />
	<link>/product/ram-laptop-corsair-cmsx8gx4m1a2400c16-8gb-1x8gb-ddr4-2400mhz/</link>
	<description></description>
	<lastBuildDate>Fri, 08 Sep 2023 11:07:17 +0000</lastBuildDate>
	<sy:updatePeriod>
	hourly	</sy:updatePeriod>
	<sy:updateFrequency>
	1	</sy:updateFrequency>
	<generator>https://wordpress.org/?v=6.3.1</generator>
</channel>
</rss>
