<?xml version="1.0" encoding="UTF-8"?><rss version="2.0"
	xmlns:content="http://purl.org/rss/1.0/modules/content/"
	xmlns:dc="http://purl.org/dc/elements/1.1/"
	xmlns:atom="http://www.w3.org/2005/Atom"
	xmlns:sy="http://purl.org/rss/1.0/modules/syndication/"
	
	xmlns:georss="http://www.georss.org/georss"
	xmlns:geo="http://www.w3.org/2003/01/geo/wgs84_pos#"
	
	>
<channel>
	<title>
	Comments on: TAY CẦM CHƠI GAME KHÔNG DÂY XBOX ONE SERIES X &#8211; MINERAL CAMO XANH	</title>
	<atom:link href="/product/tay-cam-choi-game-khong-day-xbox-one-series-x-mineral-camo-xanh/feed/" rel="self" type="application/rss+xml" />
	<link>/product/tay-cam-choi-game-khong-day-xbox-one-series-x-mineral-camo-xanh/</link>
	<description></description>
	<lastBuildDate>Fri, 08 Sep 2023 09:10:13 +0000</lastBuildDate>
	<sy:updatePeriod>
	hourly	</sy:updatePeriod>
	<sy:updateFrequency>
	1	</sy:updateFrequency>
	<generator>https://wordpress.org/?v=6.3.1</generator>
</channel>
</rss>
