<?xml version="1.0" encoding="UTF-8"?><rss version="2.0"
	xmlns:content="http://purl.org/rss/1.0/modules/content/"
	xmlns:dc="http://purl.org/dc/elements/1.1/"
	xmlns:atom="http://www.w3.org/2005/Atom"
	xmlns:sy="http://purl.org/rss/1.0/modules/syndication/"
	
	xmlns:georss="http://www.georss.org/georss"
	xmlns:geo="http://www.w3.org/2003/01/geo/wgs84_pos#"
	
	>
<channel>
	<title>
	Comments on: Laptop ACER Predator Helios 16 PH16-71-94N1 (NH.QJSSV.002) (i9-13900HX/RAM 32GB/Windows 11)	</title>
	<atom:link href="/product/laptop-acer-predator-helios-16-ph16-71-94n1-nh-qjssv-002-i9-13900hx-ram-32gb-windows-11/feed/" rel="self" type="application/rss+xml" />
	<link>/product/laptop-acer-predator-helios-16-ph16-71-94n1-nh-qjssv-002-i9-13900hx-ram-32gb-windows-11/</link>
	<description></description>
	<lastBuildDate>Sat, 09 Sep 2023 10:26:33 +0000</lastBuildDate>
	<sy:updatePeriod>
	hourly	</sy:updatePeriod>
	<sy:updateFrequency>
	1	</sy:updateFrequency>
	<generator>https://wordpress.org/?v=6.3.1</generator>
</channel>
</rss>
