<?xml version="1.0" encoding="UTF-8"?><rss version="2.0"
	xmlns:content="http://purl.org/rss/1.0/modules/content/"
	xmlns:dc="http://purl.org/dc/elements/1.1/"
	xmlns:atom="http://www.w3.org/2005/Atom"
	xmlns:sy="http://purl.org/rss/1.0/modules/syndication/"
	
	xmlns:georss="http://www.georss.org/georss"
	xmlns:geo="http://www.w3.org/2003/01/geo/wgs84_pos#"
	
	>
<channel>
	<title>
	Comments on: MÁY CHƠI GAME SONY PLAYSTATION 5 (PS5) STANDARD MARVEL&#8217;S SPIDER-MAN 2 LIMITED	</title>
	<atom:link href="/product/may-choi-game-sony-playstation-5-ps5-standard-marvels-spider-man-2-limited/feed/" rel="self" type="application/rss+xml" />
	<link>/product/may-choi-game-sony-playstation-5-ps5-standard-marvels-spider-man-2-limited/</link>
	<description></description>
	<lastBuildDate>Fri, 08 Sep 2023 10:36:23 +0000</lastBuildDate>
	<sy:updatePeriod>
	hourly	</sy:updatePeriod>
	<sy:updateFrequency>
	1	</sy:updateFrequency>
	<generator>https://wordpress.org/?v=6.3.1</generator>
</channel>
</rss>
