<?xml version="1.0" encoding="UTF-8"?><rss version="2.0"
	xmlns:content="http://purl.org/rss/1.0/modules/content/"
	xmlns:dc="http://purl.org/dc/elements/1.1/"
	xmlns:atom="http://www.w3.org/2005/Atom"
	xmlns:sy="http://purl.org/rss/1.0/modules/syndication/"
	
	xmlns:georss="http://www.georss.org/georss"
	xmlns:geo="http://www.w3.org/2003/01/geo/wgs84_pos#"
	
	>
<channel>
	<title>
	Comments on: LAPTOP ASUS ROG STRIX SCAR 16 G634JZ-N4029W (I9 13980H/32GB RAM/1TB SSD/16 QHD 240HZ/RTX 4080 12GB/WIN11/ĐEN/BALO/CHUỘT)	</title>
	<atom:link href="/product/laptop-asus-rog-strix-scar-16-g634jz-n4029w-i9-13980h-32gb-ram-1tb-ssd-16-qhd-240hz-rtx-4080-12gb-win11-den-balo-chuot/feed/" rel="self" type="application/rss+xml" />
	<link>/product/laptop-asus-rog-strix-scar-16-g634jz-n4029w-i9-13980h-32gb-ram-1tb-ssd-16-qhd-240hz-rtx-4080-12gb-win11-den-balo-chuot/</link>
	<description></description>
	<lastBuildDate>Sat, 09 Sep 2023 10:22:49 +0000</lastBuildDate>
	<sy:updatePeriod>
	hourly	</sy:updatePeriod>
	<sy:updateFrequency>
	1	</sy:updateFrequency>
	<generator>https://wordpress.org/?v=6.3.1</generator>
</channel>
</rss>
