<?xml version="1.0" encoding="UTF-8"?><rss version="2.0"
	xmlns:content="http://purl.org/rss/1.0/modules/content/"
	xmlns:dc="http://purl.org/dc/elements/1.1/"
	xmlns:atom="http://www.w3.org/2005/Atom"
	xmlns:sy="http://purl.org/rss/1.0/modules/syndication/"
	
	xmlns:georss="http://www.georss.org/georss"
	xmlns:geo="http://www.w3.org/2003/01/geo/wgs84_pos#"
	
	>
<channel>
	<title>
	Comments on: LAPTOP HP GAMING VICTUS 16-D1187TX (7C0S4PA) (I7 12700H/8GB RAM/512GB SSD/16.1 FHD 144HZ/GTX 3050TI 4GB/WIN11/ĐEN)	</title>
	<atom:link href="/product/laptop-hp-gaming-victus-16-d1187tx-7c0s4pa-i7-12700h-8gb-ram-512gb-ssd-16-1-fhd-144hz-gtx-3050ti-4gb-win11-den/feed/" rel="self" type="application/rss+xml" />
	<link>/product/laptop-hp-gaming-victus-16-d1187tx-7c0s4pa-i7-12700h-8gb-ram-512gb-ssd-16-1-fhd-144hz-gtx-3050ti-4gb-win11-den/</link>
	<description></description>
	<lastBuildDate>Sat, 09 Sep 2023 14:02:45 +0000</lastBuildDate>
	<sy:updatePeriod>
	hourly	</sy:updatePeriod>
	<sy:updateFrequency>
	1	</sy:updateFrequency>
	<generator>https://wordpress.org/?v=6.3.1</generator>
</channel>
</rss>
