<?xml version="1.0" encoding="UTF-8"?><rss version="2.0"
	xmlns:content="http://purl.org/rss/1.0/modules/content/"
	xmlns:dc="http://purl.org/dc/elements/1.1/"
	xmlns:atom="http://www.w3.org/2005/Atom"
	xmlns:sy="http://purl.org/rss/1.0/modules/syndication/"
	
	xmlns:georss="http://www.georss.org/georss"
	xmlns:geo="http://www.w3.org/2003/01/geo/wgs84_pos#"
	
	>
<channel>
	<title>
	Comments on: LAPTOP MSI STEALTH 16 MERCEDES-AMG MOTORSPORT (A13VG-289VN) (I9-13900H/32GB RAM/2TB SSD/RTX4070 8G/16 INCH UHD+ OLED/WIN 11/XÁM) (2023)	</title>
	<atom:link href="/product/laptop-msi-stealth-16-mercedes-amg-motorsport-a13vg-289vn-i9-13900h-32gb-ram-2tb-ssd-rtx4070-8g-16-inch-uhd-oled-win-11-xam-2023/feed/" rel="self" type="application/rss+xml" />
	<link>/product/laptop-msi-stealth-16-mercedes-amg-motorsport-a13vg-289vn-i9-13900h-32gb-ram-2tb-ssd-rtx4070-8g-16-inch-uhd-oled-win-11-xam-2023/</link>
	<description></description>
	<lastBuildDate>Sat, 09 Sep 2023 14:11:59 +0000</lastBuildDate>
	<sy:updatePeriod>
	hourly	</sy:updatePeriod>
	<sy:updateFrequency>
	1	</sy:updateFrequency>
	<generator>https://wordpress.org/?v=6.3.1</generator>
</channel>
</rss>
