<?xml version="1.0" encoding="UTF-8"?><rss version="2.0"
	xmlns:content="http://purl.org/rss/1.0/modules/content/"
	xmlns:dc="http://purl.org/dc/elements/1.1/"
	xmlns:atom="http://www.w3.org/2005/Atom"
	xmlns:sy="http://purl.org/rss/1.0/modules/syndication/"
	
	xmlns:georss="http://www.georss.org/georss"
	xmlns:geo="http://www.w3.org/2003/01/geo/wgs84_pos#"
	
	>
<channel>
	<title>
	Comments on: Ổ CỨNG SSD ADATA LEGEND 710 1TB M.2 2280 PCIE NVME GEN 3X4 (ĐỌC 2400MB/S &#8211; GHI 1800MB/S) &#8211; (ALEG-710-1TCS)	</title>
	<atom:link href="/product/o-cung-ssd-adata-legend-710-1tb-m-2-2280-pcie-nvme-gen-3x4-doc-2400mb-s-ghi-1800mb-s-aleg-710-1tcs/feed/" rel="self" type="application/rss+xml" />
	<link>/product/o-cung-ssd-adata-legend-710-1tb-m-2-2280-pcie-nvme-gen-3x4-doc-2400mb-s-ghi-1800mb-s-aleg-710-1tcs/</link>
	<description></description>
	<lastBuildDate>Fri, 08 Sep 2023 11:09:20 +0000</lastBuildDate>
	<sy:updatePeriod>
	hourly	</sy:updatePeriod>
	<sy:updateFrequency>
	1	</sy:updateFrequency>
	<generator>https://wordpress.org/?v=6.3.1</generator>
</channel>
</rss>
