<?xml version="1.0" encoding="UTF-8"?><rss version="2.0"
	xmlns:content="http://purl.org/rss/1.0/modules/content/"
	xmlns:dc="http://purl.org/dc/elements/1.1/"
	xmlns:atom="http://www.w3.org/2005/Atom"
	xmlns:sy="http://purl.org/rss/1.0/modules/syndication/"
	
	xmlns:georss="http://www.georss.org/georss"
	xmlns:geo="http://www.w3.org/2003/01/geo/wgs84_pos#"
	
	>
<channel>
	<title>
	Comments on: CARD MÀN HÌNH MSI RTX 4060 TI GAMING X TRIO 8G	</title>
	<atom:link href="/product/card-man-hinh-msi-rtx-4060-ti-gaming-x-trio-8g/feed/" rel="self" type="application/rss+xml" />
	<link>/product/card-man-hinh-msi-rtx-4060-ti-gaming-x-trio-8g/</link>
	<description></description>
	<lastBuildDate>Fri, 08 Sep 2023 10:49:11 +0000</lastBuildDate>
	<sy:updatePeriod>
	hourly	</sy:updatePeriod>
	<sy:updateFrequency>
	1	</sy:updateFrequency>
	<generator>https://wordpress.org/?v=6.3.1</generator>
</channel>
</rss>
