<?xml version="1.0" encoding="UTF-8"?><rss version="2.0"
	xmlns:content="http://purl.org/rss/1.0/modules/content/"
	xmlns:dc="http://purl.org/dc/elements/1.1/"
	xmlns:atom="http://www.w3.org/2005/Atom"
	xmlns:sy="http://purl.org/rss/1.0/modules/syndication/"
	
	xmlns:georss="http://www.georss.org/georss"
	xmlns:geo="http://www.w3.org/2003/01/geo/wgs84_pos#"
	
	>
<channel>
	<title>
	Comments on: NGUỒN ASUS ROG THOR 1200P2 GAMING ( 80 PLUS PALTINUM/MÀU ĐEN BẠC/FULL MODULAR)	</title>
	<atom:link href="/product/nguon-asus-rog-thor-1200p2-gaming-80-plus-paltinum-mau-den-bac-full-modular/feed/" rel="self" type="application/rss+xml" />
	<link>/product/nguon-asus-rog-thor-1200p2-gaming-80-plus-paltinum-mau-den-bac-full-modular/</link>
	<description></description>
	<lastBuildDate>Sat, 09 Sep 2023 09:53:57 +0000</lastBuildDate>
	<sy:updatePeriod>
	hourly	</sy:updatePeriod>
	<sy:updateFrequency>
	1	</sy:updateFrequency>
	<generator>https://wordpress.org/?v=6.3.1</generator>
</channel>
</rss>
