<?xml version="1.0" encoding="UTF-8"?><rss version="2.0"
	xmlns:content="http://purl.org/rss/1.0/modules/content/"
	xmlns:dc="http://purl.org/dc/elements/1.1/"
	xmlns:atom="http://www.w3.org/2005/Atom"
	xmlns:sy="http://purl.org/rss/1.0/modules/syndication/"
	
	xmlns:georss="http://www.georss.org/georss"
	xmlns:geo="http://www.w3.org/2003/01/geo/wgs84_pos#"
	
	>
<channel>
	<title>
	Comments on: MICROSOFT SURFACE PRO 8 (I7 1185G7/32GB RAM/1TB SSD/13/WIN11/BẠC)	</title>
	<atom:link href="/product/microsoft-surface-pro-8-i7-1185g7-32gb-ram-1tb-ssd-13-win11-bac/feed/" rel="self" type="application/rss+xml" />
	<link>/product/microsoft-surface-pro-8-i7-1185g7-32gb-ram-1tb-ssd-13-win11-bac/</link>
	<description></description>
	<lastBuildDate>Sat, 09 Sep 2023 10:44:26 +0000</lastBuildDate>
	<sy:updatePeriod>
	hourly	</sy:updatePeriod>
	<sy:updateFrequency>
	1	</sy:updateFrequency>
	<generator>https://wordpress.org/?v=6.3.1</generator>
</channel>
</rss>
