<?xml version="1.0" encoding="UTF-8"?><rss version="2.0"
	xmlns:content="http://purl.org/rss/1.0/modules/content/"
	xmlns:wfw="http://wellformedweb.org/CommentAPI/"
	xmlns:dc="http://purl.org/dc/elements/1.1/"
	xmlns:atom="http://www.w3.org/2005/Atom"
	xmlns:sy="http://purl.org/rss/1.0/modules/syndication/"
	xmlns:slash="http://purl.org/rss/1.0/modules/slash/"
	
	xmlns:georss="http://www.georss.org/georss"
	xmlns:geo="http://www.w3.org/2003/01/geo/wgs84_pos#"
	>

<channel>
	<title>Linh kiện máy tính &#8211; Viet Anh</title>
	<atom:link href="/product-category/danh-muc/linh-kien-may-tinh/feed/" rel="self" type="application/rss+xml" />
	<link></link>
	<description></description>
	<lastBuildDate>Sat, 09 Sep 2023 09:53:57 +0000</lastBuildDate>
	<language>en-US</language>
	<sy:updatePeriod>
	hourly	</sy:updatePeriod>
	<sy:updateFrequency>
	1	</sy:updateFrequency>
	<generator>https://wordpress.org/?v=6.3.1</generator>
	<item>
		<title>NGUỒN ASUS ROG THOR 1200P2 GAMING ( 80 PLUS PALTINUM/MÀU ĐEN BẠC/FULL MODULAR)</title>
		<link>/product/nguon-asus-rog-thor-1200p2-gaming-80-plus-paltinum-mau-den-bac-full-modular/</link>
					<comments>/product/nguon-asus-rog-thor-1200p2-gaming-80-plus-paltinum-mau-den-bac-full-modular/#respond</comments>
		
		<dc:creator><![CDATA[vietanh2003]]></dc:creator>
		<pubDate>Sat, 09 Sep 2023 09:53:57 +0000</pubDate>
				<guid isPermaLink="false">/?post_type=product#038;p=162</guid>

					<description><![CDATA[<ul id="js-tskt-item" class="product-summary-item-ul d-flex flex-wrap mb-0 content-collapse">
 	<li>- Chứng nhận hiệu chuẩn 80 Plus Titanium</li>
 	<li>- Hiển thị OLED thông minh thông báo điện năng tiêu thụ</li>
 	<li>- Khả năng đồng bộ led AURA SYNC</li>
 	<li>- Hỗ trợ kết nối PCIe 5.0 12VHPWR</li>
 	<li>- Thời gian bảo hành 10 năm</li>
 	<li>- Công suất 1200w</li>
</ul>]]></description>
										<content:encoded><![CDATA[<ul id="js-tskt-item" class="product-summary-item-ul d-flex flex-wrap mb-0 content-collapse">
 	<li>- Chứng nhận hiệu chuẩn 80 Plus Titanium</li>
 	<li>- Hiển thị OLED thông minh thông báo điện năng tiêu thụ</li>
 	<li>- Khả năng đồng bộ led AURA SYNC</li>
 	<li>- Hỗ trợ kết nối PCIe 5.0 12VHPWR</li>
 	<li>- Thời gian bảo hành 10 năm</li>
 	<li>- Công suất 1200w</li>
</ul>]]></content:encoded>
					
					<wfw:commentRss>/product/nguon-asus-rog-thor-1200p2-gaming-80-plus-paltinum-mau-den-bac-full-modular/feed/</wfw:commentRss>
			<slash:comments>0</slash:comments>
		
		
			</item>
		<item>
		<title>CPU AMD RYZEN 5 5600G (3.9GHZ UPTO 4.4GHZ / 19MB / 6 CORES, 12 THREADS / 65W / SOCKET AM4)</title>
		<link>/product/cpu-amd-ryzen-5-5600g-3-9ghz-upto-4-4ghz-19mb-6-cores-12-threads-65w-socket-am4/</link>
					<comments>/product/cpu-amd-ryzen-5-5600g-3-9ghz-upto-4-4ghz-19mb-6-cores-12-threads-65w-socket-am4/#respond</comments>
		
		<dc:creator><![CDATA[vietanh2003]]></dc:creator>
		<pubDate>Sat, 09 Sep 2023 09:51:45 +0000</pubDate>
				<guid isPermaLink="false">/?post_type=product#038;p=160</guid>

					<description><![CDATA[<ul id="js-tskt-item" class="product-summary-item-ul d-flex flex-wrap mb-0">
 	<li>- CPU Ryzen 5 5600G</li>
 	<li>- Số nhân: 6</li>
 	<li>- Số luồng: 12</li>
 	<li>- Xung nhịp CPU: 3.9 - 4.4GHz (Boost Clock)</li>
 	<li>- TDP: 65W</li>
</ul>]]></description>
										<content:encoded><![CDATA[<ul id="js-tskt-item" class="product-summary-item-ul d-flex flex-wrap mb-0">
 	<li>- CPU Ryzen 5 5600G</li>
 	<li>- Số nhân: 6</li>
 	<li>- Số luồng: 12</li>
 	<li>- Xung nhịp CPU: 3.9 - 4.4GHz (Boost Clock)</li>
 	<li>- TDP: 65W</li>
</ul>]]></content:encoded>
					
					<wfw:commentRss>/product/cpu-amd-ryzen-5-5600g-3-9ghz-upto-4-4ghz-19mb-6-cores-12-threads-65w-socket-am4/feed/</wfw:commentRss>
			<slash:comments>0</slash:comments>
		
		
			</item>
		<item>
		<title>CPU AMD RYZEN 9 7900X (4.7 GHZ UPTO 5.6GHZ / 76MB / 12 CORES, 24 THREADS / 170W / SOCKET AM5)</title>
		<link>/product/cpu-amd-ryzen-9-7900x-4-7-ghz-upto-5-6ghz-76mb-12-cores-24-threads-170w-socket-am5/</link>
					<comments>/product/cpu-amd-ryzen-9-7900x-4-7-ghz-upto-5-6ghz-76mb-12-cores-24-threads-170w-socket-am5/#respond</comments>
		
		<dc:creator><![CDATA[vietanh2003]]></dc:creator>
		<pubDate>Sat, 09 Sep 2023 09:49:00 +0000</pubDate>
				<guid isPermaLink="false">/?post_type=product#038;p=158</guid>

					<description><![CDATA[<ul id="js-tskt-item" class="product-summary-item-ul d-flex flex-wrap mb-0">
 	<li>- Số nhân: 12</li>
 	<li>- Số luồng: 24 luồng</li>
 	<li>- Xung nhịp boost tối đa: 5.6 GHz</li>
 	<li>- Hỗ trợ PCI-e 5.0</li>
 	<li>- Hỗ trợ ép xung</li>
</ul>]]></description>
										<content:encoded><![CDATA[<ul id="js-tskt-item" class="product-summary-item-ul d-flex flex-wrap mb-0">
 	<li>- Số nhân: 12</li>
 	<li>- Số luồng: 24 luồng</li>
 	<li>- Xung nhịp boost tối đa: 5.6 GHz</li>
 	<li>- Hỗ trợ PCI-e 5.0</li>
 	<li>- Hỗ trợ ép xung</li>
</ul>]]></content:encoded>
					
					<wfw:commentRss>/product/cpu-amd-ryzen-9-7900x-4-7-ghz-upto-5-6ghz-76mb-12-cores-24-threads-170w-socket-am5/feed/</wfw:commentRss>
			<slash:comments>0</slash:comments>
		
		
			</item>
		<item>
		<title>TRỌN BỘ TẢN NHIỆT NƯỚC CUSTOM BYKSKI X ASUS GT501VC DIY KIT &#8211; BLACKTRỌN BỘ TẢN NHIỆT NƯỚC CUSTOM BYKSKI X ASUS GT501VC DIY KIT &#8211; BLACK</title>
		<link>/product/tron-bo-tan-nhiet-nuoc-custom-bykski-x-asus-gt501vc-diy-kit-blacktron-bo-tan-nhiet-nuoc-custom-bykski-x-asus-gt501vc-diy-kit-black/</link>
					<comments>/product/tron-bo-tan-nhiet-nuoc-custom-bykski-x-asus-gt501vc-diy-kit-blacktron-bo-tan-nhiet-nuoc-custom-bykski-x-asus-gt501vc-diy-kit-black/#respond</comments>
		
		<dc:creator><![CDATA[vietanh2003]]></dc:creator>
		<pubDate>Sat, 09 Sep 2023 09:46:05 +0000</pubDate>
				<guid isPermaLink="false">/?post_type=product#038;p=156</guid>

					<description><![CDATA[<ul id="js-tskt-item" class="product-summary-item-ul d-flex flex-wrap mb-0">
 	<li>- Trọn bộ tản nhiệt nước Custom Bykski x ASUS GT501VC</li>
 	<li>- Bộ sản phẩm chưa bao gồm vỏ case ASUS GT501VC</li>
 	<li>- Bộ tản nhiệt nước với hiệu năng cao giúp tản nhiệt bộ máy của bạn một cách hiệu quả kết hợp giúp nâng cao thẩm mĩ và không gian bên trong của bộ máy thêm lung linh hơn với hiệu ứng led ARGB đẹp mắt</li>
 	<li>- Hỗ trợ Socket LGA 1700</li>
</ul>]]></description>
										<content:encoded><![CDATA[<ul id="js-tskt-item" class="product-summary-item-ul d-flex flex-wrap mb-0">
 	<li>- Trọn bộ tản nhiệt nước Custom Bykski x ASUS GT501VC</li>
 	<li>- Bộ sản phẩm chưa bao gồm vỏ case ASUS GT501VC</li>
 	<li>- Bộ tản nhiệt nước với hiệu năng cao giúp tản nhiệt bộ máy của bạn một cách hiệu quả kết hợp giúp nâng cao thẩm mĩ và không gian bên trong của bộ máy thêm lung linh hơn với hiệu ứng led ARGB đẹp mắt</li>
 	<li>- Hỗ trợ Socket LGA 1700</li>
</ul>]]></content:encoded>
					
					<wfw:commentRss>/product/tron-bo-tan-nhiet-nuoc-custom-bykski-x-asus-gt501vc-diy-kit-blacktron-bo-tan-nhiet-nuoc-custom-bykski-x-asus-gt501vc-diy-kit-black/feed/</wfw:commentRss>
			<slash:comments>0</slash:comments>
		
		
			</item>
		<item>
		<title>VỎ CASE CORSAIR 4000D AIRFLOW TG BLACK (MID TOWER/MÀU ĐEN)</title>
		<link>/product/vo-case-corsair-4000d-airflow-tg-black-mid-tower-mau-den/</link>
					<comments>/product/vo-case-corsair-4000d-airflow-tg-black-mid-tower-mau-den/#respond</comments>
		
		<dc:creator><![CDATA[vietanh2003]]></dc:creator>
		<pubDate>Sat, 09 Sep 2023 09:43:50 +0000</pubDate>
				<guid isPermaLink="false">/?post_type=product#038;p=154</guid>

					<description><![CDATA[<ul id="js-tskt-item" class="product-summary-item-ul d-flex flex-wrap mb-0">
 	<li>- Mẫu vỏ case kích thước mid ATX cho lưu lượng gió cao và đặc biệt bởi khả năng quản lý dây cáp dễ dàng.</li>
 	<li>- Đi kèm 2 quạt Corsair AirGuide 120mm cho hiệu quả làm mát vượt trội.</li>
 	<li>- Mặt kính cường lực bên hông, khe dựng dọc VGA được tích hợp sẵn.</li>
 	<li>- Hỗ trợ card đồ họa dài tối đa: 360mm</li>
 	<li>- Hỗ trợ CPU cao tối đa: 170mm</li>
</ul>]]></description>
										<content:encoded><![CDATA[<ul id="js-tskt-item" class="product-summary-item-ul d-flex flex-wrap mb-0">
 	<li>- Mẫu vỏ case kích thước mid ATX cho lưu lượng gió cao và đặc biệt bởi khả năng quản lý dây cáp dễ dàng.</li>
 	<li>- Đi kèm 2 quạt Corsair AirGuide 120mm cho hiệu quả làm mát vượt trội.</li>
 	<li>- Mặt kính cường lực bên hông, khe dựng dọc VGA được tích hợp sẵn.</li>
 	<li>- Hỗ trợ card đồ họa dài tối đa: 360mm</li>
 	<li>- Hỗ trợ CPU cao tối đa: 170mm</li>
</ul>]]></content:encoded>
					
					<wfw:commentRss>/product/vo-case-corsair-4000d-airflow-tg-black-mid-tower-mau-den/feed/</wfw:commentRss>
			<slash:comments>0</slash:comments>
		
		
			</item>
		<item>
		<title>TẢN NHIỆT NƯỚC CORSAIR H150I ELITE CAPELLIX LCD (CW-9060062-WW)</title>
		<link>/product/tan-nhiet-nuoc-corsair-h150i-elite-capellix-lcd-cw-9060062-ww/</link>
					<comments>/product/tan-nhiet-nuoc-corsair-h150i-elite-capellix-lcd-cw-9060062-ww/#respond</comments>
		
		<dc:creator><![CDATA[vietanh2003]]></dc:creator>
		<pubDate>Sat, 09 Sep 2023 09:37:05 +0000</pubDate>
				<guid isPermaLink="false">/?post_type=product#038;p=152</guid>

					<description><![CDATA[<ul id="js-tskt-item" class="product-summary-item-ul d-flex flex-wrap mb-0">
 	<li>- Tản nhiệt nước CORSAIR H170i ELITE CAPELLIX LCD mang lại khả năng làm mát tùy chỉnh, mạnh mẽ cho các cấu hình máy tính tối tân nhất, với màn hình LCD được cá nhân hóa và ba quạt CORSAIR ML120 RGB ELITE PWM tiên tiến.</li>
 	<li>- Hỗ trợ Socket 1700 thế hệ mới</li>
 	<li>- Kích thước Radiator 360mm</li>
 	<li>- Màn hình LED LCD tùy biến thông minh</li>
</ul>]]></description>
										<content:encoded><![CDATA[<ul id="js-tskt-item" class="product-summary-item-ul d-flex flex-wrap mb-0">
 	<li>- Tản nhiệt nước CORSAIR H170i ELITE CAPELLIX LCD mang lại khả năng làm mát tùy chỉnh, mạnh mẽ cho các cấu hình máy tính tối tân nhất, với màn hình LCD được cá nhân hóa và ba quạt CORSAIR ML120 RGB ELITE PWM tiên tiến.</li>
 	<li>- Hỗ trợ Socket 1700 thế hệ mới</li>
 	<li>- Kích thước Radiator 360mm</li>
 	<li>- Màn hình LED LCD tùy biến thông minh</li>
</ul>]]></content:encoded>
					
					<wfw:commentRss>/product/tan-nhiet-nuoc-corsair-h150i-elite-capellix-lcd-cw-9060062-ww/feed/</wfw:commentRss>
			<slash:comments>0</slash:comments>
		
		
			</item>
		<item>
		<title>RAM DESKTOP KINGSTON FURY BEAST RGB (KF556C40BBAK2-64) 64GB (2X32GB) &#8211; DDR5 5600MHZ</title>
		<link>/product/ram-desktop-kingston-fury-beast-rgb-kf556c40bbak2-64-64gb-2x32gb-ddr5-5600mhz/</link>
					<comments>/product/ram-desktop-kingston-fury-beast-rgb-kf556c40bbak2-64-64gb-2x32gb-ddr5-5600mhz/#respond</comments>
		
		<dc:creator><![CDATA[vietanh2003]]></dc:creator>
		<pubDate>Sat, 09 Sep 2023 09:23:08 +0000</pubDate>
				<guid isPermaLink="false">/?post_type=product#038;p=150</guid>

					<description><![CDATA[<ul id="js-tskt-item" class="product-summary-item-ul d-flex flex-wrap mb-0">
 	<li>- Ram DDR5 dành cho máy tính để bàn</li>
 	<li>- Dung lượng: 64GB (2 x 32GB)</li>
 	<li>- Bus: 5600MHz</li>
 	<li></li>
</ul>]]></description>
										<content:encoded><![CDATA[<ul id="js-tskt-item" class="product-summary-item-ul d-flex flex-wrap mb-0">
 	<li>- Ram DDR5 dành cho máy tính để bàn</li>
 	<li>- Dung lượng: 64GB (2 x 32GB)</li>
 	<li>- Bus: 5600MHz</li>
 	<li></li>
</ul>]]></content:encoded>
					
					<wfw:commentRss>/product/ram-desktop-kingston-fury-beast-rgb-kf556c40bbak2-64-64gb-2x32gb-ddr5-5600mhz/feed/</wfw:commentRss>
			<slash:comments>0</slash:comments>
		
		
			</item>
		<item>
		<title>RAM DESKTOP CORSAIR DOMINATOR PLATINUM RGB BLACK (CMT64GX5M2B5600C40) 64GB (2X32GB) DDR5 5600MHZ</title>
		<link>/product/ram-desktop-corsair-dominator-platinum-rgb-black-cmt64gx5m2b5600c40-64gb-2x32gb-ddr5-5600mhz/</link>
					<comments>/product/ram-desktop-corsair-dominator-platinum-rgb-black-cmt64gx5m2b5600c40-64gb-2x32gb-ddr5-5600mhz/#respond</comments>
		
		<dc:creator><![CDATA[vietanh2003]]></dc:creator>
		<pubDate>Sat, 09 Sep 2023 09:20:26 +0000</pubDate>
				<guid isPermaLink="false">/?post_type=product#038;p=147</guid>

					<description><![CDATA[<ul id="js-tskt-item" class="product-summary-item-ul d-flex flex-wrap mb-0">
 	<li>- Dòng RAM cao cấp nhất của Corsair</li>
 	<li>- Dung lượng: 64GB (2x32GB)</li>
 	<li>- Loại: DDR5</li>
 	<li>- Bus: 5600 Mhz</li>
 	<li>- LED ARGB</li>
</ul>]]></description>
										<content:encoded><![CDATA[<ul id="js-tskt-item" class="product-summary-item-ul d-flex flex-wrap mb-0">
 	<li>- Dòng RAM cao cấp nhất của Corsair</li>
 	<li>- Dung lượng: 64GB (2x32GB)</li>
 	<li>- Loại: DDR5</li>
 	<li>- Bus: 5600 Mhz</li>
 	<li>- LED ARGB</li>
</ul>]]></content:encoded>
					
					<wfw:commentRss>/product/ram-desktop-corsair-dominator-platinum-rgb-black-cmt64gx5m2b5600c40-64gb-2x32gb-ddr5-5600mhz/feed/</wfw:commentRss>
			<slash:comments>0</slash:comments>
		
		
			</item>
		<item>
		<title>MAINBOARD ASUS ROG STRIX Z790-F GAMING WIFI DDR5</title>
		<link>/product/mainboard-asus-rog-strix-z790-f-gaming-wifi-ddr5/</link>
					<comments>/product/mainboard-asus-rog-strix-z790-f-gaming-wifi-ddr5/#respond</comments>
		
		<dc:creator><![CDATA[vietanh2003]]></dc:creator>
		<pubDate>Sat, 09 Sep 2023 09:17:45 +0000</pubDate>
				<guid isPermaLink="false">/?post_type=product#038;p=145</guid>

					<description><![CDATA[<ul id="js-tskt-item" class="product-summary-item-ul d-flex flex-wrap mb-0">
 	<li>- Hỗ trợ CPU Intel thế hệ thứ 12 và 13</li>
 	<li>- Socket: LGA1700 , Chipset: Z790</li>
 	<li>- Hỗ trợ RAM: 4 khe DDR5, tối đa 128Gb</li>
 	<li>- Chuẩn mainboard: ATX</li>
</ul>]]></description>
										<content:encoded><![CDATA[<ul id="js-tskt-item" class="product-summary-item-ul d-flex flex-wrap mb-0">
 	<li>- Hỗ trợ CPU Intel thế hệ thứ 12 và 13</li>
 	<li>- Socket: LGA1700 , Chipset: Z790</li>
 	<li>- Hỗ trợ RAM: 4 khe DDR5, tối đa 128Gb</li>
 	<li>- Chuẩn mainboard: ATX</li>
</ul>]]></content:encoded>
					
					<wfw:commentRss>/product/mainboard-asus-rog-strix-z790-f-gaming-wifi-ddr5/feed/</wfw:commentRss>
			<slash:comments>0</slash:comments>
		
		
			</item>
		<item>
		<title>CPU INTEL CORE I9-13900K (UP TO 5.8GHZ, 24 NHÂN 32 LUỒNG, 68MB CACHE, 125W) &#8211; SOCKET INTEL LGA 1700/RAPTOR LAKE)</title>
		<link>/product/cpu-intel-core-i9-13900k-up-to-5-8ghz-24-nhan-32-luong-68mb-cache-125w-socket-intel-lga-1700-raptor-lake/</link>
					<comments>/product/cpu-intel-core-i9-13900k-up-to-5-8ghz-24-nhan-32-luong-68mb-cache-125w-socket-intel-lga-1700-raptor-lake/#respond</comments>
		
		<dc:creator><![CDATA[vietanh2003]]></dc:creator>
		<pubDate>Sat, 09 Sep 2023 09:14:26 +0000</pubDate>
				<guid isPermaLink="false">/?post_type=product#038;p=143</guid>

					<description><![CDATA[<ul id="js-tskt-item" class="product-summary-item-ul d-flex flex-wrap mb-0">
 	<li>- Socket: LGA1700</li>
 	<li>- Số nhân: 24 nhân (8 P-Core &#124; 16 E-Core)</li>
 	<li>- Số luồng: 32 Luồng</li>
 	<li>- Bộ nhớ đệm: 68MB</li>
 	<li>- Xung nhịp tối đa có thể lên đến 5.8GHz</li>
</ul>]]></description>
										<content:encoded><![CDATA[<ul id="js-tskt-item" class="product-summary-item-ul d-flex flex-wrap mb-0">
 	<li>- Socket: LGA1700</li>
 	<li>- Số nhân: 24 nhân (8 P-Core &#124; 16 E-Core)</li>
 	<li>- Số luồng: 32 Luồng</li>
 	<li>- Bộ nhớ đệm: 68MB</li>
 	<li>- Xung nhịp tối đa có thể lên đến 5.8GHz</li>
</ul>]]></content:encoded>
					
					<wfw:commentRss>/product/cpu-intel-core-i9-13900k-up-to-5-8ghz-24-nhan-32-luong-68mb-cache-125w-socket-intel-lga-1700-raptor-lake/feed/</wfw:commentRss>
			<slash:comments>0</slash:comments>
		
		
			</item>
	</channel>
</rss>
