<?xml version="1.0" encoding="UTF-8"?><rss version="2.0"
	xmlns:content="http://purl.org/rss/1.0/modules/content/"
	xmlns:dc="http://purl.org/dc/elements/1.1/"
	xmlns:atom="http://www.w3.org/2005/Atom"
	xmlns:sy="http://purl.org/rss/1.0/modules/syndication/"
	
	xmlns:georss="http://www.georss.org/georss"
	xmlns:geo="http://www.w3.org/2003/01/geo/wgs84_pos#"
	
	>
<channel>
	<title>
	Comments on: Ổ CỨNG SSD KINGSTON A400 240GB 2.5 INCH SATA3 (ĐỌC 500MB/S &#8211; GHI 450MB/S) &#8211; (SA400S37/240G)	</title>
	<atom:link href="/product/o-cung-ssd-kingston-a400-240gb-2-5-inch-sata3-doc-500mb-s-ghi-450mb-s-sa400s37-240g/feed/" rel="self" type="application/rss+xml" />
	<link>/product/o-cung-ssd-kingston-a400-240gb-2-5-inch-sata3-doc-500mb-s-ghi-450mb-s-sa400s37-240g/</link>
	<description></description>
	<lastBuildDate>Fri, 08 Sep 2023 11:12:11 +0000</lastBuildDate>
	<sy:updatePeriod>
	hourly	</sy:updatePeriod>
	<sy:updateFrequency>
	1	</sy:updateFrequency>
	<generator>https://wordpress.org/?v=6.3.1</generator>
</channel>
</rss>
