<?xml version="1.0" encoding="UTF-8"?><rss version="2.0"
	xmlns:content="http://purl.org/rss/1.0/modules/content/"
	xmlns:dc="http://purl.org/dc/elements/1.1/"
	xmlns:atom="http://www.w3.org/2005/Atom"
	xmlns:sy="http://purl.org/rss/1.0/modules/syndication/"
	
	xmlns:georss="http://www.georss.org/georss"
	xmlns:geo="http://www.w3.org/2003/01/geo/wgs84_pos#"
	
	>
<channel>
	<title>
	Comments on: MÁY CHƠI GAME MICROSOFT XBOX ONE S 500GB &#8211; FORZA HORIZON 3 HOT WHEELS BUNDLE (DIGITAL CODE)	</title>
	<atom:link href="/product/may-choi-game-microsoft-xbox-one-s-500gb-forza-horizon-3-hot-wheels-bundle-digital-code/feed/" rel="self" type="application/rss+xml" />
	<link>/product/may-choi-game-microsoft-xbox-one-s-500gb-forza-horizon-3-hot-wheels-bundle-digital-code/</link>
	<description></description>
	<lastBuildDate>Sat, 09 Sep 2023 09:58:46 +0000</lastBuildDate>
	<sy:updatePeriod>
	hourly	</sy:updatePeriod>
	<sy:updateFrequency>
	1	</sy:updateFrequency>
	<generator>https://wordpress.org/?v=6.3.1</generator>
</channel>
</rss>
