<?xml version="1.0" encoding="UTF-8"?><rss version="2.0"
	xmlns:content="http://purl.org/rss/1.0/modules/content/"
	xmlns:dc="http://purl.org/dc/elements/1.1/"
	xmlns:atom="http://www.w3.org/2005/Atom"
	xmlns:sy="http://purl.org/rss/1.0/modules/syndication/"
	
	xmlns:georss="http://www.georss.org/georss"
	xmlns:geo="http://www.w3.org/2003/01/geo/wgs84_pos#"
	
	>
<channel>
	<title>
	Comments on: TẢN NHIỆT NƯỚC CORSAIR H150I ELITE CAPELLIX LCD (CW-9060062-WW)	</title>
	<atom:link href="/product/tan-nhiet-nuoc-corsair-h150i-elite-capellix-lcd-cw-9060062-ww/feed/" rel="self" type="application/rss+xml" />
	<link>/product/tan-nhiet-nuoc-corsair-h150i-elite-capellix-lcd-cw-9060062-ww/</link>
	<description></description>
	<lastBuildDate>Sat, 09 Sep 2023 09:37:05 +0000</lastBuildDate>
	<sy:updatePeriod>
	hourly	</sy:updatePeriod>
	<sy:updateFrequency>
	1	</sy:updateFrequency>
	<generator>https://wordpress.org/?v=6.3.1</generator>
</channel>
</rss>
