<?xml version="1.0" encoding="UTF-8"?><rss version="2.0"
	xmlns:content="http://purl.org/rss/1.0/modules/content/"
	xmlns:dc="http://purl.org/dc/elements/1.1/"
	xmlns:atom="http://www.w3.org/2005/Atom"
	xmlns:sy="http://purl.org/rss/1.0/modules/syndication/"
	
	xmlns:georss="http://www.georss.org/georss"
	xmlns:geo="http://www.w3.org/2003/01/geo/wgs84_pos#"
	
	>
<channel>
	<title>
	Comments on: LAPTOP MSI GAMING GT77 TITAN (12UHS-204VN) (I9 12900HX/64GB RAM/ 2TB SSD/RTX3080TI 16GB/17.3 INCH UHD 120HZ/ WIN11/ĐEN) (2022)	</title>
	<atom:link href="/product/laptop-msi-gaming-gt77-titan-12uhs-204vn-i9-12900hx-64gb-ram-2tb-ssd-rtx3080ti-16gb-17-3-inch-uhd-120hz-win11-den-2022/feed/" rel="self" type="application/rss+xml" />
	<link>/product/laptop-msi-gaming-gt77-titan-12uhs-204vn-i9-12900hx-64gb-ram-2tb-ssd-rtx3080ti-16gb-17-3-inch-uhd-120hz-win11-den-2022/</link>
	<description></description>
	<lastBuildDate>Sat, 09 Sep 2023 14:13:08 +0000</lastBuildDate>
	<sy:updatePeriod>
	hourly	</sy:updatePeriod>
	<sy:updateFrequency>
	1	</sy:updateFrequency>
	<generator>https://wordpress.org/?v=6.3.1</generator>
</channel>
</rss>
