<?xml version="1.0" encoding="UTF-8"?><rss version="2.0"
	xmlns:content="http://purl.org/rss/1.0/modules/content/"
	xmlns:dc="http://purl.org/dc/elements/1.1/"
	xmlns:atom="http://www.w3.org/2005/Atom"
	xmlns:sy="http://purl.org/rss/1.0/modules/syndication/"
	
	xmlns:georss="http://www.georss.org/georss"
	xmlns:geo="http://www.w3.org/2003/01/geo/wgs84_pos#"
	
	>
<channel>
	<title>
	Comments on: CPU INTEL CORE I9-13900K (UP TO 5.8GHZ, 24 NHÂN 32 LUỒNG, 68MB CACHE, 125W) &#8211; SOCKET INTEL LGA 1700/RAPTOR LAKE)	</title>
	<atom:link href="/product/cpu-intel-core-i9-13900k-up-to-5-8ghz-24-nhan-32-luong-68mb-cache-125w-socket-intel-lga-1700-raptor-lake/feed/" rel="self" type="application/rss+xml" />
	<link>/product/cpu-intel-core-i9-13900k-up-to-5-8ghz-24-nhan-32-luong-68mb-cache-125w-socket-intel-lga-1700-raptor-lake/</link>
	<description></description>
	<lastBuildDate>Sat, 09 Sep 2023 09:14:49 +0000</lastBuildDate>
	<sy:updatePeriod>
	hourly	</sy:updatePeriod>
	<sy:updateFrequency>
	1	</sy:updateFrequency>
	<generator>https://wordpress.org/?v=6.3.1</generator>
</channel>
</rss>
