<?xml version="1.0" encoding="UTF-8"?><rss version="2.0"
	xmlns:content="http://purl.org/rss/1.0/modules/content/"
	xmlns:dc="http://purl.org/dc/elements/1.1/"
	xmlns:atom="http://www.w3.org/2005/Atom"
	xmlns:sy="http://purl.org/rss/1.0/modules/syndication/"
	
	xmlns:georss="http://www.georss.org/georss"
	xmlns:geo="http://www.w3.org/2003/01/geo/wgs84_pos#"
	
	>
<channel>
	<title>
	Comments on: RAM DESKTOP CORSAIR DOMINATOR PLATINUM RGB BLACK (CMT64GX5M2B5600C40) 64GB (2X32GB) DDR5 5600MHZ	</title>
	<atom:link href="/product/ram-desktop-corsair-dominator-platinum-rgb-black-cmt64gx5m2b5600c40-64gb-2x32gb-ddr5-5600mhz/feed/" rel="self" type="application/rss+xml" />
	<link>/product/ram-desktop-corsair-dominator-platinum-rgb-black-cmt64gx5m2b5600c40-64gb-2x32gb-ddr5-5600mhz/</link>
	<description></description>
	<lastBuildDate>Sat, 09 Sep 2023 09:20:26 +0000</lastBuildDate>
	<sy:updatePeriod>
	hourly	</sy:updatePeriod>
	<sy:updateFrequency>
	1	</sy:updateFrequency>
	<generator>https://wordpress.org/?v=6.3.1</generator>
</channel>
</rss>
