<?xml version="1.0" encoding="UTF-8"?><rss version="2.0"
	xmlns:content="http://purl.org/rss/1.0/modules/content/"
	xmlns:dc="http://purl.org/dc/elements/1.1/"
	xmlns:atom="http://www.w3.org/2005/Atom"
	xmlns:sy="http://purl.org/rss/1.0/modules/syndication/"
	
	xmlns:georss="http://www.georss.org/georss"
	xmlns:geo="http://www.w3.org/2003/01/geo/wgs84_pos#"
	
	>
<channel>
	<title>
	Comments on: LAPTOP LG GRAM 17ZD90Q-G.AH74A5 (I7-1260P/16GB RAM/512GB SSD/17.0 INCH WQXGA/WIN11/TRẮNG)	</title>
	<atom:link href="/product/laptop-lg-gram-17zd90q-g-ah74a5-i7-1260p-16gb-ram-512gb-ssd-17-0-inch-wqxga-win11-trang/feed/" rel="self" type="application/rss+xml" />
	<link>/product/laptop-lg-gram-17zd90q-g-ah74a5-i7-1260p-16gb-ram-512gb-ssd-17-0-inch-wqxga-win11-trang/</link>
	<description></description>
	<lastBuildDate>Sat, 09 Sep 2023 10:33:25 +0000</lastBuildDate>
	<sy:updatePeriod>
	hourly	</sy:updatePeriod>
	<sy:updateFrequency>
	1	</sy:updateFrequency>
	<generator>https://wordpress.org/?v=6.3.1</generator>
</channel>
</rss>
