<?xml version="1.0" encoding="UTF-8"?><rss version="2.0"
	xmlns:content="http://purl.org/rss/1.0/modules/content/"
	xmlns:dc="http://purl.org/dc/elements/1.1/"
	xmlns:atom="http://www.w3.org/2005/Atom"
	xmlns:sy="http://purl.org/rss/1.0/modules/syndication/"
	
	xmlns:georss="http://www.georss.org/georss"
	xmlns:geo="http://www.w3.org/2003/01/geo/wgs84_pos#"
	
	>
<channel>
	<title>
	Comments on: CPU AMD RYZEN 9 7900X (4.7 GHZ UPTO 5.6GHZ / 76MB / 12 CORES, 24 THREADS / 170W / SOCKET AM5)	</title>
	<atom:link href="/product/cpu-amd-ryzen-9-7900x-4-7-ghz-upto-5-6ghz-76mb-12-cores-24-threads-170w-socket-am5/feed/" rel="self" type="application/rss+xml" />
	<link>/product/cpu-amd-ryzen-9-7900x-4-7-ghz-upto-5-6ghz-76mb-12-cores-24-threads-170w-socket-am5/</link>
	<description></description>
	<lastBuildDate>Sat, 09 Sep 2023 09:49:40 +0000</lastBuildDate>
	<sy:updatePeriod>
	hourly	</sy:updatePeriod>
	<sy:updateFrequency>
	1	</sy:updateFrequency>
	<generator>https://wordpress.org/?v=6.3.1</generator>
</channel>
</rss>
