<?xml version="1.0" encoding="UTF-8"?><rss version="2.0"
	xmlns:content="http://purl.org/rss/1.0/modules/content/"
	xmlns:dc="http://purl.org/dc/elements/1.1/"
	xmlns:atom="http://www.w3.org/2005/Atom"
	xmlns:sy="http://purl.org/rss/1.0/modules/syndication/"
	
	xmlns:georss="http://www.georss.org/georss"
	xmlns:geo="http://www.w3.org/2003/01/geo/wgs84_pos#"
	
	>
<channel>
	<title>
	Comments on: TRỌN BỘ TẢN NHIỆT NƯỚC CUSTOM BYKSKI X ASUS GT501VC DIY KIT &#8211; BLACKTRỌN BỘ TẢN NHIỆT NƯỚC CUSTOM BYKSKI X ASUS GT501VC DIY KIT &#8211; BLACK	</title>
	<atom:link href="/product/tron-bo-tan-nhiet-nuoc-custom-bykski-x-asus-gt501vc-diy-kit-blacktron-bo-tan-nhiet-nuoc-custom-bykski-x-asus-gt501vc-diy-kit-black/feed/" rel="self" type="application/rss+xml" />
	<link>/product/tron-bo-tan-nhiet-nuoc-custom-bykski-x-asus-gt501vc-diy-kit-blacktron-bo-tan-nhiet-nuoc-custom-bykski-x-asus-gt501vc-diy-kit-black/</link>
	<description></description>
	<lastBuildDate>Sat, 09 Sep 2023 09:46:06 +0000</lastBuildDate>
	<sy:updatePeriod>
	hourly	</sy:updatePeriod>
	<sy:updateFrequency>
	1	</sy:updateFrequency>
	<generator>https://wordpress.org/?v=6.3.1</generator>
</channel>
</rss>
