<?xml version="1.0" encoding="UTF-8"?><rss version="2.0"
	xmlns:content="http://purl.org/rss/1.0/modules/content/"
	xmlns:dc="http://purl.org/dc/elements/1.1/"
	xmlns:atom="http://www.w3.org/2005/Atom"
	xmlns:sy="http://purl.org/rss/1.0/modules/syndication/"
	
	xmlns:georss="http://www.georss.org/georss"
	xmlns:geo="http://www.w3.org/2003/01/geo/wgs84_pos#"
	
	>
<channel>
	<title>
	Comments on: LAPTOP DELL ALLIENWARE GAMING M15 R6 (P109F001CBL) (I7 11800H/32GB RAM/1TB SSD/RTX3060 6G/15.6 INCH QHD 240HZ/WIN11/OFFICEHS21/XÁM ĐEN)	</title>
	<atom:link href="/product/laptop-dell-allienware-gaming-m15-r6-p109f001cbl-i7-11800h-32gb-ram-1tb-ssd-rtx3060-6g-15-6-inch-qhd-240hz-win11-officehs21-xam-den/feed/" rel="self" type="application/rss+xml" />
	<link>/product/laptop-dell-allienware-gaming-m15-r6-p109f001cbl-i7-11800h-32gb-ram-1tb-ssd-rtx3060-6g-15-6-inch-qhd-240hz-win11-officehs21-xam-den/</link>
	<description></description>
	<lastBuildDate>Sat, 09 Sep 2023 10:17:09 +0000</lastBuildDate>
	<sy:updatePeriod>
	hourly	</sy:updatePeriod>
	<sy:updateFrequency>
	1	</sy:updateFrequency>
	<generator>https://wordpress.org/?v=6.3.1</generator>
</channel>
</rss>
