<?xml version="1.0" encoding="UTF-8"?><rss version="2.0"
	xmlns:content="http://purl.org/rss/1.0/modules/content/"
	xmlns:dc="http://purl.org/dc/elements/1.1/"
	xmlns:atom="http://www.w3.org/2005/Atom"
	xmlns:sy="http://purl.org/rss/1.0/modules/syndication/"
	
	xmlns:georss="http://www.georss.org/georss"
	xmlns:geo="http://www.w3.org/2003/01/geo/wgs84_pos#"
	
	>
<channel>
	<title>
	Comments on: TAI NGHE ASUS ROG CETRA TRUE WIRELESS WHITE 90YH03X1-B5UA00	</title>
	<atom:link href="/product/tai-nghe-asus-rog-cetra-true-wireless-white-90yh03x1-b5ua00/feed/" rel="self" type="application/rss+xml" />
	<link>/product/tai-nghe-asus-rog-cetra-true-wireless-white-90yh03x1-b5ua00/</link>
	<description></description>
	<lastBuildDate>Sat, 09 Sep 2023 09:04:31 +0000</lastBuildDate>
	<sy:updatePeriod>
	hourly	</sy:updatePeriod>
	<sy:updateFrequency>
	1	</sy:updateFrequency>
	<generator>https://wordpress.org/?v=6.3.1</generator>
</channel>
</rss>
