<?xml version="1.0" encoding="UTF-8"?><rss version="2.0"
	xmlns:content="http://purl.org/rss/1.0/modules/content/"
	xmlns:dc="http://purl.org/dc/elements/1.1/"
	xmlns:atom="http://www.w3.org/2005/Atom"
	xmlns:sy="http://purl.org/rss/1.0/modules/syndication/"
	
	xmlns:georss="http://www.georss.org/georss"
	xmlns:geo="http://www.w3.org/2003/01/geo/wgs84_pos#"
	
	>
<channel>
	<title>
	Comments on: LAPTOP MSI GAMING DELTA 15 (A5EFK-071VN) (R7 5800H/16GB RAM/512GB SSD/RX6700M 10GB /15.6 INCH FHD 240HZ/WIN 11/XÁM) (2022)	</title>
	<atom:link href="/product/laptop-msi-gaming-delta-15-a5efk-071vn-r7-5800h-16gb-ram-512gb-ssd-rx6700m-10gb-15-6-inch-fhd-240hz-win-11-xam-2022/feed/" rel="self" type="application/rss+xml" />
	<link>/product/laptop-msi-gaming-delta-15-a5efk-071vn-r7-5800h-16gb-ram-512gb-ssd-rx6700m-10gb-15-6-inch-fhd-240hz-win-11-xam-2022/</link>
	<description></description>
	<lastBuildDate>Sat, 09 Sep 2023 14:14:15 +0000</lastBuildDate>
	<sy:updatePeriod>
	hourly	</sy:updatePeriod>
	<sy:updateFrequency>
	1	</sy:updateFrequency>
	<generator>https://wordpress.org/?v=6.3.1</generator>
</channel>
</rss>
