<?xml version="1.0" encoding="UTF-8"?><rss version="2.0"
	xmlns:content="http://purl.org/rss/1.0/modules/content/"
	xmlns:dc="http://purl.org/dc/elements/1.1/"
	xmlns:atom="http://www.w3.org/2005/Atom"
	xmlns:sy="http://purl.org/rss/1.0/modules/syndication/"
	
	xmlns:georss="http://www.georss.org/georss"
	xmlns:geo="http://www.w3.org/2003/01/geo/wgs84_pos#"
	
	>
<channel>
	<title>
	Comments on: Ổ CỨNG SSD SAMSUNG 980 PRO 1TB PCIE NVME 4.0X4 (ĐỌC 7000MB/S &#8211; GHI 5000MB/S) &#8211; (MZ-V8P1T0BW)	</title>
	<atom:link href="/product/o-cung-ssd-samsung-980-pro-1tb-pcie-nvme-4-0x4-doc-7000mb-s-ghi-5000mb-s-mz-v8p1t0bw/feed/" rel="self" type="application/rss+xml" />
	<link>/product/o-cung-ssd-samsung-980-pro-1tb-pcie-nvme-4-0x4-doc-7000mb-s-ghi-5000mb-s-mz-v8p1t0bw/</link>
	<description></description>
	<lastBuildDate>Fri, 08 Sep 2023 11:05:17 +0000</lastBuildDate>
	<sy:updatePeriod>
	hourly	</sy:updatePeriod>
	<sy:updateFrequency>
	1	</sy:updateFrequency>
	<generator>https://wordpress.org/?v=6.3.1</generator>
</channel>
</rss>
