<?xml version="1.0" encoding="UTF-8"?><rss version="2.0"
	xmlns:content="http://purl.org/rss/1.0/modules/content/"
	xmlns:dc="http://purl.org/dc/elements/1.1/"
	xmlns:atom="http://www.w3.org/2005/Atom"
	xmlns:sy="http://purl.org/rss/1.0/modules/syndication/"
	
	xmlns:georss="http://www.georss.org/georss"
	xmlns:geo="http://www.w3.org/2003/01/geo/wgs84_pos#"
	
	>
<channel>
	<title>
	Comments on: TAY CẦM CHƠI GAME KHÔNG DÂY PS4 SONY DUALSHOCK 4 CONTROLLER ĐEN CHÍNH HÃNG CUH-ZCT2G	</title>
	<atom:link href="/product/tay-cam-choi-game-khong-day-ps4-sony-dualshock-4-controller-den-chinh-hang-cuh-zct2g/feed/" rel="self" type="application/rss+xml" />
	<link>/product/tay-cam-choi-game-khong-day-ps4-sony-dualshock-4-controller-den-chinh-hang-cuh-zct2g/</link>
	<description></description>
	<lastBuildDate>Fri, 08 Sep 2023 08:42:15 +0000</lastBuildDate>
	<sy:updatePeriod>
	hourly	</sy:updatePeriod>
	<sy:updateFrequency>
	1	</sy:updateFrequency>
	<generator>https://wordpress.org/?v=6.3.1</generator>
</channel>
</rss>
