<?xml version="1.0" encoding="UTF-8"?><rss version="2.0"
	xmlns:content="http://purl.org/rss/1.0/modules/content/"
	xmlns:dc="http://purl.org/dc/elements/1.1/"
	xmlns:atom="http://www.w3.org/2005/Atom"
	xmlns:sy="http://purl.org/rss/1.0/modules/syndication/"
	
	xmlns:georss="http://www.georss.org/georss"
	xmlns:geo="http://www.w3.org/2003/01/geo/wgs84_pos#"
	
	>
<channel>
	<title>
	Comments on: LAPTOP ACER GAMING PREDATOR HELIOS NEO PHN16-71-74BA (NH.QLUSV.004) (I7 13700HX/16GB RAM/512GB SSD/RTX4060 8G/16 INCH 2K 165HZ/WIN 11/ĐEN/VỎ NHÔM)	</title>
	<atom:link href="/product/laptop-acer-gaming-predator-helios-neo-phn16-71-74ba-nh-qlusv-004-i7-13700hx-16gb-ram-512gb-ssd-rtx4060-8g-16-inch-2k-165hz-win-11-den-vo-nhom/feed/" rel="self" type="application/rss+xml" />
	<link>/product/laptop-acer-gaming-predator-helios-neo-phn16-71-74ba-nh-qlusv-004-i7-13700hx-16gb-ram-512gb-ssd-rtx4060-8g-16-inch-2k-165hz-win-11-den-vo-nhom/</link>
	<description></description>
	<lastBuildDate>Sat, 09 Sep 2023 10:28:41 +0000</lastBuildDate>
	<sy:updatePeriod>
	hourly	</sy:updatePeriod>
	<sy:updateFrequency>
	1	</sy:updateFrequency>
	<generator>https://wordpress.org/?v=6.3.1</generator>
</channel>
</rss>
