<?xml version="1.0" encoding="UTF-8"?><rss version="2.0"
	xmlns:content="http://purl.org/rss/1.0/modules/content/"
	xmlns:wfw="http://wellformedweb.org/CommentAPI/"
	xmlns:dc="http://purl.org/dc/elements/1.1/"
	xmlns:atom="http://www.w3.org/2005/Atom"
	xmlns:sy="http://purl.org/rss/1.0/modules/syndication/"
	xmlns:slash="http://purl.org/rss/1.0/modules/slash/"
	
	xmlns:georss="http://www.georss.org/georss"
	xmlns:geo="http://www.w3.org/2003/01/geo/wgs84_pos#"
	>

<channel>
	<title>Console &#8211; Viet Anh</title>
	<atom:link href="/product-category/danh-muc/console/feed/" rel="self" type="application/rss+xml" />
	<link></link>
	<description></description>
	<lastBuildDate>Sat, 09 Sep 2023 10:11:53 +0000</lastBuildDate>
	<language>en-US</language>
	<sy:updatePeriod>
	hourly	</sy:updatePeriod>
	<sy:updateFrequency>
	1	</sy:updateFrequency>
	<generator>https://wordpress.org/?v=6.3.1</generator>
	<item>
		<title>ĐĨA GAME PS5 &#8211; DRAGONBALL Z KAKAROT &#8211; US</title>
		<link>/product/dia-game-ps5-dragonball-z-kakarot-us/</link>
					<comments>/product/dia-game-ps5-dragonball-z-kakarot-us/#respond</comments>
		
		<dc:creator><![CDATA[vietanh2003]]></dc:creator>
		<pubDate>Sat, 09 Sep 2023 10:11:53 +0000</pubDate>
				<guid isPermaLink="false">/?post_type=product#038;p=178</guid>

					<description><![CDATA[<ul id="js-tskt-item" class="product-summary-item-ul d-flex flex-wrap mb-0">
 	<li>- Đĩa game PS5 - Dragonball Z Kakarot - US</li>
 	<li>- Thể loại: Trò chơi nhập vai hành động, Trò chơi phiêu lưu</li>
 	<li>- Nhà phát triển: CyberConnect2</li>
 	<li>- Các nhà xuất bản: Bandai Namco Entertainment, Namco Bandai Games America Inc.</li>
</ul>]]></description>
										<content:encoded><![CDATA[<ul id="js-tskt-item" class="product-summary-item-ul d-flex flex-wrap mb-0">
 	<li>- Đĩa game PS5 - Dragonball Z Kakarot - US</li>
 	<li>- Thể loại: Trò chơi nhập vai hành động, Trò chơi phiêu lưu</li>
 	<li>- Nhà phát triển: CyberConnect2</li>
 	<li>- Các nhà xuất bản: Bandai Namco Entertainment, Namco Bandai Games America Inc.</li>
</ul>]]></content:encoded>
					
					<wfw:commentRss>/product/dia-game-ps5-dragonball-z-kakarot-us/feed/</wfw:commentRss>
			<slash:comments>0</slash:comments>
		
		
			</item>
		<item>
		<title>ĐĨA GAME PS5 &#8211; CALL OF DUTY: MODERN WARFARE II &#8211; US</title>
		<link>/product/dia-game-ps5-call-of-duty-modern-warfare-ii-us/</link>
					<comments>/product/dia-game-ps5-call-of-duty-modern-warfare-ii-us/#respond</comments>
		
		<dc:creator><![CDATA[vietanh2003]]></dc:creator>
		<pubDate>Sat, 09 Sep 2023 10:10:26 +0000</pubDate>
				<guid isPermaLink="false">/?post_type=product#038;p=176</guid>

					<description><![CDATA[<ul id="js-tskt-item" class="product-summary-item-ul d-flex flex-wrap mb-0 content-collapse">
 	<li>- Đĩa game PS5 - Call of Duty: Modern Warfare II - US</li>
 	<li>- Ngày phát hành ban đầu: 16 tháng 9, 2022</li>
 	<li>- Chế độ: Trò chơi điện tử nhiều người chơi</li>
 	<li>- Nhà xuất bản: Activision</li>
 	<li>- Thể loại: Bắn súng góc nhìn người thứ nhất</li>
 	<li>- Loạt trò chơi: Call of Duty</li>
</ul>]]></description>
										<content:encoded><![CDATA[<ul id="js-tskt-item" class="product-summary-item-ul d-flex flex-wrap mb-0 content-collapse">
 	<li>- Đĩa game PS5 - Call of Duty: Modern Warfare II - US</li>
 	<li>- Ngày phát hành ban đầu: 16 tháng 9, 2022</li>
 	<li>- Chế độ: Trò chơi điện tử nhiều người chơi</li>
 	<li>- Nhà xuất bản: Activision</li>
 	<li>- Thể loại: Bắn súng góc nhìn người thứ nhất</li>
 	<li>- Loạt trò chơi: Call of Duty</li>
</ul>]]></content:encoded>
					
					<wfw:commentRss>/product/dia-game-ps5-call-of-duty-modern-warfare-ii-us/feed/</wfw:commentRss>
			<slash:comments>0</slash:comments>
		
		
			</item>
		<item>
		<title>ĐĨA GAME PS5 &#8211; NEED FOR SPEED: UNBOUND &#8211; EU</title>
		<link>/product/dia-game-ps5-need-for-speed-unbound-eu/</link>
					<comments>/product/dia-game-ps5-need-for-speed-unbound-eu/#respond</comments>
		
		<dc:creator><![CDATA[vietanh2003]]></dc:creator>
		<pubDate>Sat, 09 Sep 2023 10:08:20 +0000</pubDate>
				<guid isPermaLink="false">/?post_type=product#038;p=174</guid>

					<description><![CDATA[<ul id="js-tskt-item" class="product-summary-item-ul d-flex flex-wrap mb-0">
 	<li>- Đĩa game PS5 - Need For Speed: Unbound - EU</li>
 	<li>- Ngày phát hành ban đầu: 29 tháng 11, 2022</li>
 	<li>- Chế độ: Trò chơi điện tử một người / nhiều người chơi</li>
 	<li>- Nhà phát triển: Criterion Games</li>
 	<li>- Loạt trò chơi: Need for Speed</li>
 	<li>- Nhà xuất bản: Electronic Arts</li>
 	<li>- Thể loại: Trò chơi điện tử đua xe, Trò chơi hành động, Trò chơi phiêu lưu, Racing</li>
</ul>]]></description>
										<content:encoded><![CDATA[<ul id="js-tskt-item" class="product-summary-item-ul d-flex flex-wrap mb-0">
 	<li>- Đĩa game PS5 - Need For Speed: Unbound - EU</li>
 	<li>- Ngày phát hành ban đầu: 29 tháng 11, 2022</li>
 	<li>- Chế độ: Trò chơi điện tử một người / nhiều người chơi</li>
 	<li>- Nhà phát triển: Criterion Games</li>
 	<li>- Loạt trò chơi: Need for Speed</li>
 	<li>- Nhà xuất bản: Electronic Arts</li>
 	<li>- Thể loại: Trò chơi điện tử đua xe, Trò chơi hành động, Trò chơi phiêu lưu, Racing</li>
</ul>]]></content:encoded>
					
					<wfw:commentRss>/product/dia-game-ps5-need-for-speed-unbound-eu/feed/</wfw:commentRss>
			<slash:comments>0</slash:comments>
		
		
			</item>
		<item>
		<title>BUỒNG LÁI XE ĐUA GIẢ LẬP MERCEDES-AMG GT3 ART COCKPIT PRO GT1 RACING SIMULATOR (KÈM GIÁ TREO MÀN HÌNH)</title>
		<link>/product/buong-lai-xe-dua-gia-lap-mercedes-amg-gt3-art-cockpit-pro-gt1-racing-simulator-kem-gia-treo-man-hinh/</link>
					<comments>/product/buong-lai-xe-dua-gia-lap-mercedes-amg-gt3-art-cockpit-pro-gt1-racing-simulator-kem-gia-treo-man-hinh/#respond</comments>
		
		<dc:creator><![CDATA[vietanh2003]]></dc:creator>
		<pubDate>Sat, 09 Sep 2023 10:06:35 +0000</pubDate>
				<guid isPermaLink="false">/?post_type=product#038;p=172</guid>

					<description><![CDATA[<ul id="js-tskt-item" class="product-summary-item-ul d-flex flex-wrap mb-0">
 	<li>- GHẾ CHƠI GAME GIẢ LẬP ART CockPit AD01</li>
 	<li>- Chất liệu khung: Sắt</li>
 	<li>- Chất liệu ghế: Da PU</li>
 	<li>- Ghế có thể tuỳ chỉnh khoảng cách với vô lăng</li>
 	<li>- Có giá gắn hộp số / tay phanh</li>
 	<li>- Tương thích với các loại vô lăng: Logitech G25, G27, G29, G920; Vô lăng Tuox T300, TMX, 458Ferrari, T500, TGT, TS-PC TH8A, T3PA, T3PAPRO, FANATEC 911GT2, 911GT3RS, CSR, CSL, CSW</li>
 	<li>- Sản phẩm KHÔNG bao gồm vô lăng, bàn đạp, hộp số, phanh tay</li>
</ul>]]></description>
										<content:encoded><![CDATA[<ul id="js-tskt-item" class="product-summary-item-ul d-flex flex-wrap mb-0">
 	<li>- GHẾ CHƠI GAME GIẢ LẬP ART CockPit AD01</li>
 	<li>- Chất liệu khung: Sắt</li>
 	<li>- Chất liệu ghế: Da PU</li>
 	<li>- Ghế có thể tuỳ chỉnh khoảng cách với vô lăng</li>
 	<li>- Có giá gắn hộp số / tay phanh</li>
 	<li>- Tương thích với các loại vô lăng: Logitech G25, G27, G29, G920; Vô lăng Tuox T300, TMX, 458Ferrari, T500, TGT, TS-PC TH8A, T3PA, T3PAPRO, FANATEC 911GT2, 911GT3RS, CSR, CSL, CSW</li>
 	<li>- Sản phẩm KHÔNG bao gồm vô lăng, bàn đạp, hộp số, phanh tay</li>
</ul>]]></content:encoded>
					
					<wfw:commentRss>/product/buong-lai-xe-dua-gia-lap-mercedes-amg-gt3-art-cockpit-pro-gt1-racing-simulator-kem-gia-treo-man-hinh/feed/</wfw:commentRss>
			<slash:comments>0</slash:comments>
		
		
			</item>
		<item>
		<title>KÍNH THỰC TẾ ẢO SONY PLAYSTATION PSVR2</title>
		<link>/product/kinh-thuc-te-ao-sony-playstation-psvr2/</link>
					<comments>/product/kinh-thuc-te-ao-sony-playstation-psvr2/#respond</comments>
		
		<dc:creator><![CDATA[vietanh2003]]></dc:creator>
		<pubDate>Sat, 09 Sep 2023 10:04:07 +0000</pubDate>
				<guid isPermaLink="false">/?post_type=product#038;p=170</guid>

					<description><![CDATA[<ul id="js-tskt-item" class="product-summary-item-ul d-flex flex-wrap mb-0">
 	<li>- Kính Thực Tế Ảo Playstation PSVR2</li>
 	<li>- Phiên bản tiếp theo nâng cấp của PSVR</li>
 	<li>- Tương thích với hệ máy Console Next-gen Playstation 5</li>
 	<li>- Độ phân giải: 4K (2,000 x 2,040 mỗi mắt)</li>
 	<li>- Màn hình Oled với chế độ màu HDR</li>
 	<li>- Tần số quét: 90-120Hz</li>
 	<li>- Góc nhìn: 110°</li>
 	<li>- Cảm biến chuyển động sáu trục, 4 camera cho tai nghe và bộ điều khiển, camera hồng ngoại để theo dõi bằng mắt</li>
 	<li>- Điều khiển dễ dàng bằng 2 tay cầm PSVR 2 controllers và Eye-Tracking</li>
 	<li>- Tích hợp jack Audio 3.5mm</li>
 	<li>- Kết nối đơn giản qua dây USB-C</li>
 	<li>- Kính Thực Tế Ảo Playstation PSVR2</li>
 	<li>- Phiên bản tiếp theo nâng cấp của PSVR</li>
 	<li>- Tương thích với hệ máy Console Next-gen Playstation 5</li>
 	<li>- Độ phân giải: 4K (2,000 x 2,040 mỗi mắt)</li>
 	<li>- Màn hình Oled với chế độ màu HDR</li>
 	<li>- Tần số quét: 90-120Hz</li>
 	<li>- Góc nhìn: 110°</li>
 	<li>- Cảm biến chuyển động sáu trục, 4 camera cho tai nghe và bộ điều khiển, camera hồng ngoại để theo dõi bằng mắt</li>
 	<li>- Điều khiển dễ dàng bằng 2 tay cầm PSVR 2 controllers và Eye-Tracking</li>
 	<li>- Tích hợp jack Audio 3.5mm</li>
 	<li>- Kết nối đơn giản qua dây USB-C</li>
</ul>]]></description>
										<content:encoded><![CDATA[<ul id="js-tskt-item" class="product-summary-item-ul d-flex flex-wrap mb-0">
 	<li>- Kính Thực Tế Ảo Playstation PSVR2</li>
 	<li>- Phiên bản tiếp theo nâng cấp của PSVR</li>
 	<li>- Tương thích với hệ máy Console Next-gen Playstation 5</li>
 	<li>- Độ phân giải: 4K (2,000 x 2,040 mỗi mắt)</li>
 	<li>- Màn hình Oled với chế độ màu HDR</li>
 	<li>- Tần số quét: 90-120Hz</li>
 	<li>- Góc nhìn: 110°</li>
 	<li>- Cảm biến chuyển động sáu trục, 4 camera cho tai nghe và bộ điều khiển, camera hồng ngoại để theo dõi bằng mắt</li>
 	<li>- Điều khiển dễ dàng bằng 2 tay cầm PSVR 2 controllers và Eye-Tracking</li>
 	<li>- Tích hợp jack Audio 3.5mm</li>
 	<li>- Kết nối đơn giản qua dây USB-C</li>
 	<li>- Kính Thực Tế Ảo Playstation PSVR2</li>
 	<li>- Phiên bản tiếp theo nâng cấp của PSVR</li>
 	<li>- Tương thích với hệ máy Console Next-gen Playstation 5</li>
 	<li>- Độ phân giải: 4K (2,000 x 2,040 mỗi mắt)</li>
 	<li>- Màn hình Oled với chế độ màu HDR</li>
 	<li>- Tần số quét: 90-120Hz</li>
 	<li>- Góc nhìn: 110°</li>
 	<li>- Cảm biến chuyển động sáu trục, 4 camera cho tai nghe và bộ điều khiển, camera hồng ngoại để theo dõi bằng mắt</li>
 	<li>- Điều khiển dễ dàng bằng 2 tay cầm PSVR 2 controllers và Eye-Tracking</li>
 	<li>- Tích hợp jack Audio 3.5mm</li>
 	<li>- Kết nối đơn giản qua dây USB-C</li>
</ul>]]></content:encoded>
					
					<wfw:commentRss>/product/kinh-thuc-te-ao-sony-playstation-psvr2/feed/</wfw:commentRss>
			<slash:comments>0</slash:comments>
		
		
			</item>
		<item>
		<title>MÁY CHƠI GAME CẦM TAY STEAM DECK 512GB</title>
		<link>/product/may-choi-game-cam-tay-steam-deck-512gb/</link>
					<comments>/product/may-choi-game-cam-tay-steam-deck-512gb/#respond</comments>
		
		<dc:creator><![CDATA[vietanh2003]]></dc:creator>
		<pubDate>Sat, 09 Sep 2023 10:01:04 +0000</pubDate>
				<guid isPermaLink="false">/?post_type=product#038;p=168</guid>

					<description><![CDATA[<ul id="js-tskt-item" class="product-summary-item-ul d-flex flex-wrap mb-0">
 	<li>- Máy chơi game cầm tay Steam Deck</li>
 	<li>- Chiếc máy chơi game cầm tay đến từ Valve - Công ty phát triển trò chơi điện tử và phân phối trực tuyến nổi tiếng</li>
 	<li>- Hỗ trợ kho game khổng lồ từ thư viện Steam (Tuỳ game)</li>
 	<li>- Cấu hình cao cấp, chơi game AAA mượt mà ở độ phân giải HD 720P</li>
 	<li>+ CPU : AMD Zen 2</li>
 	<li>+ Lượng nhân : 4-nhân / 8-luồng</li>
 	<li>+ Tốc độ clock CPU : 2.4 - 3.5Ghz</li>
 	<li>+ GPU : AMD RDNA 2</li>
 	<li>+ Tốc độ clock GPU : 1 - 1.6Ghz</li>
 	<li>+ Ram : 16GB LBDDR5 @ 5,5MT/s</li>
 	<li>+ Màn hình : 7 inch LCD touchscreen</li>
 	<li>+ Độ phân giải : 1280x800</li>
 	<li>+ Tần số quét màn hình : 60hz</li>
 	<li>+ Âm thanh : Loa stereo , ổ cắm 3.5mm, dual mic , usb type C/Bluetooth</li>
 	<li>+ Kết nối : Wifi, Bluetooth, USB type C with displayport 1.4</li>
 	<li>+ Pin : 40Whr</li>
</ul>]]></description>
										<content:encoded><![CDATA[<ul id="js-tskt-item" class="product-summary-item-ul d-flex flex-wrap mb-0">
 	<li>- Máy chơi game cầm tay Steam Deck</li>
 	<li>- Chiếc máy chơi game cầm tay đến từ Valve - Công ty phát triển trò chơi điện tử và phân phối trực tuyến nổi tiếng</li>
 	<li>- Hỗ trợ kho game khổng lồ từ thư viện Steam (Tuỳ game)</li>
 	<li>- Cấu hình cao cấp, chơi game AAA mượt mà ở độ phân giải HD 720P</li>
 	<li>+ CPU : AMD Zen 2</li>
 	<li>+ Lượng nhân : 4-nhân / 8-luồng</li>
 	<li>+ Tốc độ clock CPU : 2.4 - 3.5Ghz</li>
 	<li>+ GPU : AMD RDNA 2</li>
 	<li>+ Tốc độ clock GPU : 1 - 1.6Ghz</li>
 	<li>+ Ram : 16GB LBDDR5 @ 5,5MT/s</li>
 	<li>+ Màn hình : 7 inch LCD touchscreen</li>
 	<li>+ Độ phân giải : 1280x800</li>
 	<li>+ Tần số quét màn hình : 60hz</li>
 	<li>+ Âm thanh : Loa stereo , ổ cắm 3.5mm, dual mic , usb type C/Bluetooth</li>
 	<li>+ Kết nối : Wifi, Bluetooth, USB type C with displayport 1.4</li>
 	<li>+ Pin : 40Whr</li>
</ul>]]></content:encoded>
					
					<wfw:commentRss>/product/may-choi-game-cam-tay-steam-deck-512gb/feed/</wfw:commentRss>
			<slash:comments>0</slash:comments>
		
		
			</item>
		<item>
		<title>MÁY CHƠI GAME MICROSOFT XBOX ONE S 500GB &#8211; FORZA HORIZON 3 HOT WHEELS BUNDLE (DIGITAL CODE)</title>
		<link>/product/may-choi-game-microsoft-xbox-one-s-500gb-forza-horizon-3-hot-wheels-bundle-digital-code/</link>
					<comments>/product/may-choi-game-microsoft-xbox-one-s-500gb-forza-horizon-3-hot-wheels-bundle-digital-code/#respond</comments>
		
		<dc:creator><![CDATA[vietanh2003]]></dc:creator>
		<pubDate>Sat, 09 Sep 2023 09:58:22 +0000</pubDate>
				<guid isPermaLink="false">/?post_type=product#038;p=166</guid>

					<description><![CDATA[<ul id="js-tskt-item" class="product-summary-item-ul d-flex flex-wrap mb-0">
 	<li>- Máy Chơi Game Microsoft XBox One S 500GB - Forza Horizon 3 Hot Wheels Bundle</li>
 	<li>- Bộ bundle bao gồm: Máy chơi game Xbox One S 500Gb / Code Download game Forza Horizon 3 / Code Download Hot Wheels DLC</li>
 	<li>- Truyền phát video và xem phim UHD Blu-ray ở độ phân giải 4K Ultra HD tuyệt đẹp và trải nghiệm màu sắc rực rỡ, phong phú trong trò chơi và video với công nghệ High Dynamic Range</li>
 	<li>- Chơi hàng trăm tựa game Xbox 360 và Xbox Original, Coop cùng bạn bè dễ dàng với dịch vụ Xbox Live và Xbox Game Pass</li>
</ul>]]></description>
										<content:encoded><![CDATA[<ul id="js-tskt-item" class="product-summary-item-ul d-flex flex-wrap mb-0">
 	<li>- Máy Chơi Game Microsoft XBox One S 500GB - Forza Horizon 3 Hot Wheels Bundle</li>
 	<li>- Bộ bundle bao gồm: Máy chơi game Xbox One S 500Gb / Code Download game Forza Horizon 3 / Code Download Hot Wheels DLC</li>
 	<li>- Truyền phát video và xem phim UHD Blu-ray ở độ phân giải 4K Ultra HD tuyệt đẹp và trải nghiệm màu sắc rực rỡ, phong phú trong trò chơi và video với công nghệ High Dynamic Range</li>
 	<li>- Chơi hàng trăm tựa game Xbox 360 và Xbox Original, Coop cùng bạn bè dễ dàng với dịch vụ Xbox Live và Xbox Game Pass</li>
</ul>]]></content:encoded>
					
					<wfw:commentRss>/product/may-choi-game-microsoft-xbox-one-s-500gb-forza-horizon-3-hot-wheels-bundle-digital-code/feed/</wfw:commentRss>
			<slash:comments>0</slash:comments>
		
		
			</item>
		<item>
		<title>MÁY CHƠI GAME CẦM TAY ASUS ROG ALLY &#8211; AMD RYZEN Z1 EXTREME</title>
		<link>/product/may-choi-game-cam-tay-asus-rog-ally-amd-ryzen-z1-extreme/</link>
					<comments>/product/may-choi-game-cam-tay-asus-rog-ally-amd-ryzen-z1-extreme/#respond</comments>
		
		<dc:creator><![CDATA[vietanh2003]]></dc:creator>
		<pubDate>Sat, 09 Sep 2023 09:56:45 +0000</pubDate>
				<guid isPermaLink="false">/?post_type=product#038;p=164</guid>

					<description><![CDATA[<ul id="js-tskt-item" class="product-summary-item-ul d-flex flex-wrap mb-0">
 	<li>- Máy chơi game cầm tay Asus ROG Ally - AMD Ryzen Z1 EXtreme</li>
 	<li>- Thiết kế gọn nhẹ, cầm thoải mái</li>
 	<li>- Cấu hình cao cấp, mạnh mẽ:</li>
 	<li>+ CPU: Z1 Extreme - Kiến trúc Zen4 với quy trình 4nm, 8 nhân / 16 luồng, tổng bộ nhớ cache 24 MB, tăng tốc lên đến 5,10 GHz</li>
 	<li>+ GPU: AMD Radeon™ Graphics (AMD RDNA™ 3, 12 CUs, up to 2.7 GHz, up to 8.6 Teraflops)</li>
 	<li>+ Ram: 16GB LPDDR5</li>
 	<li>+ Bộ nhớ lưu trữ: 512GB PCIe® 4.0 NVMe™M.2 SSD (2230) / Hỗ trợ cắm thêm thẻ nhớ MicroSD</li>
 	<li>+ Màn hình cảm ứng IPS 7inch / Lớp phủ cường lực Corning® Gorilla® Glass DXC / Độ phân giải FullhD / sRGB 100% / Tần số quét 120Hz / FreeSync™ Premium</li>
 	<li>- Hệ thống tản nhiệt Zero Gravity cao cấp, trang bị 2 quạt tản nhiệt giúp máy luôn mát mẻ</li>
 	<li>- Dung lượng pin 6000mah, hỗ trợ sạc nhanh 65W</li>
 	<li>- Thời lượng chơi game lên đến 2h đối với các game nặng / Lên đến 6.8h đối với các tác vụ xem phim (Youtube, Netflix...)</li>
 	<li>- Hệ điều hành Windows 11 Home bản quyền - Kèm theo gói Xbox Gamepass Ultimate 3 tháng miễn phí</li>
</ul>]]></description>
										<content:encoded><![CDATA[<ul id="js-tskt-item" class="product-summary-item-ul d-flex flex-wrap mb-0">
 	<li>- Máy chơi game cầm tay Asus ROG Ally - AMD Ryzen Z1 EXtreme</li>
 	<li>- Thiết kế gọn nhẹ, cầm thoải mái</li>
 	<li>- Cấu hình cao cấp, mạnh mẽ:</li>
 	<li>+ CPU: Z1 Extreme - Kiến trúc Zen4 với quy trình 4nm, 8 nhân / 16 luồng, tổng bộ nhớ cache 24 MB, tăng tốc lên đến 5,10 GHz</li>
 	<li>+ GPU: AMD Radeon™ Graphics (AMD RDNA™ 3, 12 CUs, up to 2.7 GHz, up to 8.6 Teraflops)</li>
 	<li>+ Ram: 16GB LPDDR5</li>
 	<li>+ Bộ nhớ lưu trữ: 512GB PCIe® 4.0 NVMe™M.2 SSD (2230) / Hỗ trợ cắm thêm thẻ nhớ MicroSD</li>
 	<li>+ Màn hình cảm ứng IPS 7inch / Lớp phủ cường lực Corning® Gorilla® Glass DXC / Độ phân giải FullhD / sRGB 100% / Tần số quét 120Hz / FreeSync™ Premium</li>
 	<li>- Hệ thống tản nhiệt Zero Gravity cao cấp, trang bị 2 quạt tản nhiệt giúp máy luôn mát mẻ</li>
 	<li>- Dung lượng pin 6000mah, hỗ trợ sạc nhanh 65W</li>
 	<li>- Thời lượng chơi game lên đến 2h đối với các game nặng / Lên đến 6.8h đối với các tác vụ xem phim (Youtube, Netflix...)</li>
 	<li>- Hệ điều hành Windows 11 Home bản quyền - Kèm theo gói Xbox Gamepass Ultimate 3 tháng miễn phí</li>
</ul>]]></content:encoded>
					
					<wfw:commentRss>/product/may-choi-game-cam-tay-asus-rog-ally-amd-ryzen-z1-extreme/feed/</wfw:commentRss>
			<slash:comments>0</slash:comments>
		
		
			</item>
		<item>
		<title>MÁY CHƠI GAME NINTENDO SWITCH OLED RED AND BLUE (MÀU XANH ĐỎ)</title>
		<link>/product/may-choi-game-nintendo-switch-oled-red-and-blue-mau-xanh-do/</link>
					<comments>/product/may-choi-game-nintendo-switch-oled-red-and-blue-mau-xanh-do/#respond</comments>
		
		<dc:creator><![CDATA[vietanh2003]]></dc:creator>
		<pubDate>Sat, 09 Sep 2023 08:53:58 +0000</pubDate>
				<guid isPermaLink="false">/?post_type=product#038;p=138</guid>

					<description><![CDATA[<ul id="js-tskt-item" class="product-summary-item-ul d-flex flex-wrap mb-0">
 	<li>- Máy chơi game Nintendo Switch OLED Red and Blue</li>
 	<li>- Phiên bản nâng cấp của Nintendo Switch V2</li>
 	<li>- Nâng cấp màn hình OLED kích thước 7inch, lớn hơn so với phiên bản V2 (6.2-inch)</li>
 	<li>- Chân Stand dựng máy lớn hơn và có thể chỉnh nhiều góc độ</li>
 	<li>- Bộ nhớ trong nâng cấp dung lượng lên 64Gb</li>
 	<li>- Dock cắm xuất hình lên TV bổ sung thêm cổng Ethernet cắm dây mạng Lan</li>
 	<li>- Loa ngoài được cải tiến chất lượng âm thanh</li>
 	<li>- Máy chơi game dành cho gia đình</li>
 	<li>- Hỗ trợ lên đến 4 người chơi (Tuỳ theo game)</li>
 	<li>- Sử dụng đa dạng: Handheld mode/TV Mode/Tabletop mode</li>
 	<li>- Thích hợp chơi cùng người thân, bạn bè, gia đình.</li>
</ul>]]></description>
										<content:encoded><![CDATA[<ul id="js-tskt-item" class="product-summary-item-ul d-flex flex-wrap mb-0">
 	<li>- Máy chơi game Nintendo Switch OLED Red and Blue</li>
 	<li>- Phiên bản nâng cấp của Nintendo Switch V2</li>
 	<li>- Nâng cấp màn hình OLED kích thước 7inch, lớn hơn so với phiên bản V2 (6.2-inch)</li>
 	<li>- Chân Stand dựng máy lớn hơn và có thể chỉnh nhiều góc độ</li>
 	<li>- Bộ nhớ trong nâng cấp dung lượng lên 64Gb</li>
 	<li>- Dock cắm xuất hình lên TV bổ sung thêm cổng Ethernet cắm dây mạng Lan</li>
 	<li>- Loa ngoài được cải tiến chất lượng âm thanh</li>
 	<li>- Máy chơi game dành cho gia đình</li>
 	<li>- Hỗ trợ lên đến 4 người chơi (Tuỳ theo game)</li>
 	<li>- Sử dụng đa dạng: Handheld mode/TV Mode/Tabletop mode</li>
 	<li>- Thích hợp chơi cùng người thân, bạn bè, gia đình.</li>
</ul>]]></content:encoded>
					
					<wfw:commentRss>/product/may-choi-game-nintendo-switch-oled-red-and-blue-mau-xanh-do/feed/</wfw:commentRss>
			<slash:comments>0</slash:comments>
		
		
			</item>
		<item>
		<title>TAY CẦM CHƠI GAME SONY PS5 DUALSENSE GRAY CAMOUFLAGE &#8211; HÀNG CHÍNH HÃNG</title>
		<link>/product/tay-cam-choi-game-sony-ps5-dualsense-gray-camouflage-hang-chinh-hang/</link>
					<comments>/product/tay-cam-choi-game-sony-ps5-dualsense-gray-camouflage-hang-chinh-hang/#respond</comments>
		
		<dc:creator><![CDATA[vietanh2003]]></dc:creator>
		<pubDate>Fri, 08 Sep 2023 10:43:58 +0000</pubDate>
				<guid isPermaLink="false">/?post_type=product#038;p=106</guid>

					<description><![CDATA[<ul id="js-tskt-item" class="product-summary-item-ul d-flex flex-wrap mb-0">
 	<li>Tay cầm chơi Game Sony PS5 DualSense</li>
 	<li>Phiên bản màu Camouflage cực đẹp</li>
 	<li>Tay cầm chơi game thế hệ mới cùng với máy PS5 của Sony</li>
 	<li>Tính năng Haptic Feedback cho phản hồi rung chân thực</li>
 	<li>Tính năng Adaptive Trigger cho trải nghiệm lực và độ căng khác nhau ở nút cò Trigger (Tuỳ game PS5 hỗ trợ)</li>
 	<li>Tích hợp Jack Audio kiêm Micro trên tay cầm</li>
 	<li>Tích hợp loa trên tay cầm</li>
 	<li>Nút tắt bật mic tiện lợi</li>
 	<li>Có thể sử dụng trên PC thông qua Steam Beta hoặc phần mềm DS4Windows: https://github.com/Ryochan7/DS4Windows/releases/</li>
 	<li>Kết nối : Bluetooth hoặc dây cáp USB Type-C</li>
 	<li>LƯU Ý : Tay cầm này KHÔNG tương thích với máy chơi game PS4</li>
</ul>]]></description>
										<content:encoded><![CDATA[<ul id="js-tskt-item" class="product-summary-item-ul d-flex flex-wrap mb-0">
 	<li>Tay cầm chơi Game Sony PS5 DualSense</li>
 	<li>Phiên bản màu Camouflage cực đẹp</li>
 	<li>Tay cầm chơi game thế hệ mới cùng với máy PS5 của Sony</li>
 	<li>Tính năng Haptic Feedback cho phản hồi rung chân thực</li>
 	<li>Tính năng Adaptive Trigger cho trải nghiệm lực và độ căng khác nhau ở nút cò Trigger (Tuỳ game PS5 hỗ trợ)</li>
 	<li>Tích hợp Jack Audio kiêm Micro trên tay cầm</li>
 	<li>Tích hợp loa trên tay cầm</li>
 	<li>Nút tắt bật mic tiện lợi</li>
 	<li>Có thể sử dụng trên PC thông qua Steam Beta hoặc phần mềm DS4Windows: https://github.com/Ryochan7/DS4Windows/releases/</li>
 	<li>Kết nối : Bluetooth hoặc dây cáp USB Type-C</li>
 	<li>LƯU Ý : Tay cầm này KHÔNG tương thích với máy chơi game PS4</li>
</ul>]]></content:encoded>
					
					<wfw:commentRss>/product/tay-cam-choi-game-sony-ps5-dualsense-gray-camouflage-hang-chinh-hang/feed/</wfw:commentRss>
			<slash:comments>0</slash:comments>
		
		
			</item>
	</channel>
</rss>
