<?xml version="1.0" encoding="UTF-8"?><rss version="2.0"
	xmlns:content="http://purl.org/rss/1.0/modules/content/"
	xmlns:dc="http://purl.org/dc/elements/1.1/"
	xmlns:atom="http://www.w3.org/2005/Atom"
	xmlns:sy="http://purl.org/rss/1.0/modules/syndication/"
	
	xmlns:georss="http://www.georss.org/georss"
	xmlns:geo="http://www.w3.org/2003/01/geo/wgs84_pos#"
	
	>
<channel>
	<title>
	Comments on: BUỒNG LÁI XE ĐUA GIẢ LẬP MERCEDES-AMG GT3 ART COCKPIT PRO GT1 RACING SIMULATOR (KÈM GIÁ TREO MÀN HÌNH)	</title>
	<atom:link href="/product/buong-lai-xe-dua-gia-lap-mercedes-amg-gt3-art-cockpit-pro-gt1-racing-simulator-kem-gia-treo-man-hinh/feed/" rel="self" type="application/rss+xml" />
	<link>/product/buong-lai-xe-dua-gia-lap-mercedes-amg-gt3-art-cockpit-pro-gt1-racing-simulator-kem-gia-treo-man-hinh/</link>
	<description></description>
	<lastBuildDate>Sat, 09 Sep 2023 10:06:36 +0000</lastBuildDate>
	<sy:updatePeriod>
	hourly	</sy:updatePeriod>
	<sy:updateFrequency>
	1	</sy:updateFrequency>
	<generator>https://wordpress.org/?v=6.3.1</generator>
</channel>
</rss>
