<?xml version="1.0" encoding="UTF-8"?><rss version="2.0"
	xmlns:content="http://purl.org/rss/1.0/modules/content/"
	xmlns:dc="http://purl.org/dc/elements/1.1/"
	xmlns:atom="http://www.w3.org/2005/Atom"
	xmlns:sy="http://purl.org/rss/1.0/modules/syndication/"
	
	xmlns:georss="http://www.georss.org/georss"
	xmlns:geo="http://www.w3.org/2003/01/geo/wgs84_pos#"
	
	>
<channel>
	<title>
	Comments on: VỎ CASE CORSAIR 4000D AIRFLOW TG BLACK (MID TOWER/MÀU ĐEN)	</title>
	<atom:link href="/product/vo-case-corsair-4000d-airflow-tg-black-mid-tower-mau-den/feed/" rel="self" type="application/rss+xml" />
	<link>/product/vo-case-corsair-4000d-airflow-tg-black-mid-tower-mau-den/</link>
	<description></description>
	<lastBuildDate>Sat, 09 Sep 2023 09:43:50 +0000</lastBuildDate>
	<sy:updatePeriod>
	hourly	</sy:updatePeriod>
	<sy:updateFrequency>
	1	</sy:updateFrequency>
	<generator>https://wordpress.org/?v=6.3.1</generator>
</channel>
</rss>
