<?xml version="1.0" encoding="UTF-8"?><rss version="2.0"
	xmlns:content="http://purl.org/rss/1.0/modules/content/"
	xmlns:dc="http://purl.org/dc/elements/1.1/"
	xmlns:atom="http://www.w3.org/2005/Atom"
	xmlns:sy="http://purl.org/rss/1.0/modules/syndication/"
	
	xmlns:georss="http://www.georss.org/georss"
	xmlns:geo="http://www.w3.org/2003/01/geo/wgs84_pos#"
	
	>
<channel>
	<title>
	Comments on: LAPTOP LENOVO LEGION 5 PRO 16IAH7H (82RF0043VN) (I7 12700H/16GB RAM/512GB SSD/16 WQXGA 165HZ/RTX 3060 6G/WIN11/XÁM)	</title>
	<atom:link href="/product/laptop-lenovo-legion-5-pro-16iah7h-82rf0043vn-i7-12700h-16gb-ram-512gb-ssd-16-wqxga-165hz-rtx-3060-6g-win11-xam/feed/" rel="self" type="application/rss+xml" />
	<link>/product/laptop-lenovo-legion-5-pro-16iah7h-82rf0043vn-i7-12700h-16gb-ram-512gb-ssd-16-wqxga-165hz-rtx-3060-6g-win11-xam/</link>
	<description></description>
	<lastBuildDate>Sat, 09 Sep 2023 14:05:22 +0000</lastBuildDate>
	<sy:updatePeriod>
	hourly	</sy:updatePeriod>
	<sy:updateFrequency>
	1	</sy:updateFrequency>
	<generator>https://wordpress.org/?v=6.3.1</generator>
</channel>
</rss>
