<?xml version="1.0" encoding="UTF-8"?><rss version="2.0"
	xmlns:content="http://purl.org/rss/1.0/modules/content/"
	xmlns:dc="http://purl.org/dc/elements/1.1/"
	xmlns:atom="http://www.w3.org/2005/Atom"
	xmlns:sy="http://purl.org/rss/1.0/modules/syndication/"
	
	xmlns:georss="http://www.georss.org/georss"
	xmlns:geo="http://www.w3.org/2003/01/geo/wgs84_pos#"
	
	>
<channel>
	<title>
	Comments on: LAPTOP ASUS ROG STRIX SCAR 18 G834JY-N6039W (I9 13980H/64GB RAM/2TB SSD/18 WQXGA 240HZ/RTX 4090 16GB/WIN11/ĐEN/BALO/CHUỘT)	</title>
	<atom:link href="/product/laptop-asus-rog-strix-scar-18-g834jy-n6039w-i9-13980h-64gb-ram-2tb-ssd-18-wqxga-240hz-rtx-4090-16gb-win11-den-balo-chuot/feed/" rel="self" type="application/rss+xml" />
	<link>/product/laptop-asus-rog-strix-scar-18-g834jy-n6039w-i9-13980h-64gb-ram-2tb-ssd-18-wqxga-240hz-rtx-4090-16gb-win11-den-balo-chuot/</link>
	<description></description>
	<lastBuildDate>Sat, 09 Sep 2023 10:20:03 +0000</lastBuildDate>
	<sy:updatePeriod>
	hourly	</sy:updatePeriod>
	<sy:updateFrequency>
	1	</sy:updateFrequency>
	<generator>https://wordpress.org/?v=6.3.1</generator>
</channel>
</rss>
