<?xml version="1.0" encoding="UTF-8"?><rss version="2.0"
	xmlns:content="http://purl.org/rss/1.0/modules/content/"
	xmlns:dc="http://purl.org/dc/elements/1.1/"
	xmlns:atom="http://www.w3.org/2005/Atom"
	xmlns:sy="http://purl.org/rss/1.0/modules/syndication/"
	
	xmlns:georss="http://www.georss.org/georss"
	xmlns:geo="http://www.w3.org/2003/01/geo/wgs84_pos#"
	
	>
<channel>
	<title>
	Comments on: LAPTOP LENOVO IDEAPAD GAMING 3 15IAH7 (82S90088VN) (I5 12500H/16GB RAM/512GB SSD/15.6 FHD/RTX 3050TI 4GB/WIN11/XÁM)	</title>
	<atom:link href="/product/laptop-lenovo-ideapad-gaming-3-15iah7-82s90088vn-i5-12500h-16gb-ram-512gb-ssd-15-6-fhd-rtx-3050ti-4gb-win11-xam/feed/" rel="self" type="application/rss+xml" />
	<link>/product/laptop-lenovo-ideapad-gaming-3-15iah7-82s90088vn-i5-12500h-16gb-ram-512gb-ssd-15-6-fhd-rtx-3050ti-4gb-win11-xam/</link>
	<description></description>
	<lastBuildDate>Sat, 09 Sep 2023 14:07:36 +0000</lastBuildDate>
	<sy:updatePeriod>
	hourly	</sy:updatePeriod>
	<sy:updateFrequency>
	1	</sy:updateFrequency>
	<generator>https://wordpress.org/?v=6.3.1</generator>
</channel>
</rss>
