<?xml version="1.0" encoding="UTF-8"?><rss version="2.0"
	xmlns:content="http://purl.org/rss/1.0/modules/content/"
	xmlns:wfw="http://wellformedweb.org/CommentAPI/"
	xmlns:dc="http://purl.org/dc/elements/1.1/"
	xmlns:atom="http://www.w3.org/2005/Atom"
	xmlns:sy="http://purl.org/rss/1.0/modules/syndication/"
	xmlns:slash="http://purl.org/rss/1.0/modules/slash/"
	
	xmlns:georss="http://www.georss.org/georss"
	xmlns:geo="http://www.w3.org/2003/01/geo/wgs84_pos#"
	>

<channel>
	<title>Viet Anh</title>
	<atom:link href="/feed/" rel="self" type="application/rss+xml" />
	<link></link>
	<description></description>
	<lastBuildDate>Fri, 08 Sep 2023 04:19:00 +0000</lastBuildDate>
	<language>en-US</language>
	<sy:updatePeriod>
	hourly	</sy:updatePeriod>
	<sy:updateFrequency>
	1	</sy:updateFrequency>
	<generator>https://wordpress.org/?v=6.3.1</generator>
	<item>
		<title>Chào tất cả mọi người!</title>
		<link>/2023/09/08/chao-moi-nguoi/</link>
					<comments>/2023/09/08/chao-moi-nguoi/#comments</comments>
		
		<dc:creator><![CDATA[vietanh2003]]></dc:creator>
		<pubDate>Fri, 08 Sep 2023 04:19:00 +0000</pubDate>
				<category><![CDATA[Chưa phân loại]]></category>
		<guid isPermaLink="false">/?p=1</guid>

					<description><![CDATA[Cảm ơn vì đã sử dụng WordPress. Đây là bài viết đầu tiên của bạn. Sửa hoặc xóa nó, và bắt đầu bài viết của bạn nhé!]]></description>
										<content:encoded><![CDATA[
<p>Cảm ơn vì đã sử dụng WordPress. Đây là bài viết đầu tiên của bạn. Sửa hoặc xóa nó, và bắt đầu bài viết của bạn nhé!</p>
]]></content:encoded>
					
					<wfw:commentRss>/2023/09/08/chao-moi-nguoi/feed/</wfw:commentRss>
			<slash:comments>1</slash:comments>
		
		
			</item>
	</channel>
</rss>
