<?xml version="1.0" encoding="UTF-8"?><rss version="2.0"
	xmlns:content="http://purl.org/rss/1.0/modules/content/"
	xmlns:dc="http://purl.org/dc/elements/1.1/"
	xmlns:atom="http://www.w3.org/2005/Atom"
	xmlns:sy="http://purl.org/rss/1.0/modules/syndication/"
	
	xmlns:georss="http://www.georss.org/georss"
	xmlns:geo="http://www.w3.org/2003/01/geo/wgs84_pos#"
	
	>
<channel>
	<title>
	Comments on: LAPTOP HP GAMING VICTUS 15-FA0115TX (7C0X1PA) (I5 12500H/8GB RAM/512GB SSD/15.6 FHD 144HZ/GTX 3050 4GB/WIN11/ĐEN)	</title>
	<atom:link href="/product/laptop-hp-gaming-victus-15-fa0115tx-7c0x1pa-i5-12500h-8gb-ram-512gb-ssd-15-6-fhd-144hz-gtx-3050-4gb-win11-den/feed/" rel="self" type="application/rss+xml" />
	<link>/product/laptop-hp-gaming-victus-15-fa0115tx-7c0x1pa-i5-12500h-8gb-ram-512gb-ssd-15-6-fhd-144hz-gtx-3050-4gb-win11-den/</link>
	<description></description>
	<lastBuildDate>Sat, 09 Sep 2023 14:01:20 +0000</lastBuildDate>
	<sy:updatePeriod>
	hourly	</sy:updatePeriod>
	<sy:updateFrequency>
	1	</sy:updateFrequency>
	<generator>https://wordpress.org/?v=6.3.1</generator>
</channel>
</rss>
